식별자,스타일,서브스타일,원피스_기장,원피스_색상,원피스_디테일,원피스_소매기장,원피스_소재,원피스_프린트,원피스_넥라인,원피스_핏
1001,로맨틱,리조트,미디,핑크,"퍼프, 러플",7부소매,저지,무지,라운드넥,루즈
1003,로맨틱,리조트,미디,핑크,"퍼프, 포켓, 슬릿",7부소매,저지,무지,,루즈
1004811,로맨틱,페미닌,미니,퍼플,"플레어, 퍼프",긴팔,시폰,플로럴,브이넥,노멀
1006,로맨틱,리조트,미디,핑크,"퍼프, 러플",7부소매,저지,무지,라운드넥,루즈
1007,로맨틱,리조트,미디,핑크,"퍼프, 포켓, 슬릿",7부소매,저지,무지,,루즈
101151,로맨틱,,니렝스,네이비,"드롭웨이스트, 페플럼, 띠",반팔,우븐,무지,,루즈
101152,로맨틱,,,네이비,"드롭웨이스트, 페플럼, 띠",반팔,우븐,무지,,루즈
1013224,로맨틱,,미디,실버,"셔링, 프릴, 비대칭",반팔,시폰,플로럴,오프숄더,루즈
101520,로맨틱,컨트리,미디,베이지,"퍼프, 레이스, 러플",반팔,우븐,무지,브이넥,루즈
101521,로맨틱,컨트리,미디,베이지,"퍼프, 레이스, 러플",반팔,우븐,무지,브이넥,루즈
101523,로맨틱,컨트리,미디,베이지,"퍼프, 레이스, 러플",반팔,우븐,무지,브이넥,루즈
101524,로맨틱,컨트리,미디,베이지,"퍼프, 레이스, 러플",반팔,우븐,무지,브이넥,루즈
101564,로맨틱,페미닌,미디,핑크,플리츠,반팔,울/캐시미어,,브이넥,노멀
101565,로맨틱,페미닌,미디,핑크,플리츠,반팔,울/캐시미어,,브이넥,노멀
101569,로맨틱,페미닌,미디,핑크,플리츠,반팔,울/캐시미어,,브이넥,노멀
1023611,로맨틱,,미디,오렌지,"퍼프, 스트링",반팔,우븐,무지,브이넥,루즈
1036724,로맨틱,,니렝스,레드,비즈,반팔,우븐,무지,라운드넥,노멀
1039560,로맨틱,리조트,미니,브라운,리본,반팔,우븐,무지,브이넥,루즈
1043098,로맨틱,,니렝스,핑크,단추,7부소매,우븐,무지,오프숄더,노멀
1043989,로맨틱,페미닌,발목,핑크,띠,7부소매,우븐,무지,,노멀
1050956,로맨틱,페미닌,발목,옐로우,"셔링, 퍼프",반팔,시폰,플로럴,라운드넥,노멀
1052396,로맨틱,스트리트,미디,퍼플,,민소매,우븐,무지,스위트하트,루즈
1052568,로맨틱,모던,미니,핑크,프릴,반팔,우븐,스트라이프,,루즈
1052570,로맨틱,모던,미니,핑크,프릴,반팔,우븐,스트라이프,,루즈
1052596,로맨틱,페미닌,미니,블랙,러플,반팔,시폰,플로럴,브이넥,노멀
1052600,로맨틱,페미닌,미니,블랙,러플,반팔,시폰,플로럴,브이넥,노멀
1052681,로맨틱,페미닌,미니,라벤더,"프릴, 셔링",7부소매,시폰,플로럴,유넥,루즈
1053827,로맨틱,,미디,블랙,"셔링, 스트링",7부소매,시폰,도트,스퀘어넥,노멀
1054342,로맨틱,페미닌,미니,그레이,"슬릿, 비대칭",반팔,우븐,무지,브이넥,노멀
1059476,로맨틱,,발목,화이트,셔링,긴팔,우븐,무지,라운드넥,노멀
1059872,로맨틱,클래식,미니,블랙,,없음,트위드,무지,,노멀
1061822,로맨틱,,니렝스,베이지,"셔링, 퍼프",긴팔,우븐,플로럴,스퀘어넥,루즈
1062586,로맨틱,,니렝스,화이트,플레어,긴팔,시폰,플로럴,스퀘어넥,노멀
106498,로맨틱,,미니,스카이블루,"셔링, 퍼프, 띠",반팔,우븐,무지,브이넥,노멀
106501,로맨틱,,미니,스카이블루,"셔링, 퍼프, 띠",반팔,우븐,무지,브이넥,노멀
106502,로맨틱,,미니,스카이블루,"셔링, 퍼프, 띠",반팔,우븐,무지,브이넥,노멀
106510,로맨틱,,미니,스카이블루,"셔링, 퍼프, 띠",반팔,우븐,무지,브이넥,노멀
106513,로맨틱,,미니,스카이블루,"셔링, 퍼프, 띠",반팔,우븐,무지,브이넥,노멀
106748,로맨틱,,미니,민트,"플레어, 셔링",민소매,우븐,무지,브이넥,노멀
106845,로맨틱,,미니,핑크,"스트링, 플리츠",반팔,시폰,무지,라운드넥,노멀
106956,로맨틱,,미니,블루,"퍼프, 띠, 리본, 플레어",반팔,우븐,깅엄,스위트하트,노멀
106959,로맨틱,,미니,블루,"퍼프, 띠, 리본, 플레어",반팔,우븐,깅엄,스위트하트,노멀
106960,로맨틱,,미니,블루,"퍼프, 띠, 리본, 플레어",반팔,우븐,깅엄,스위트하트,노멀
106967,로맨틱,,미니,블루,"퍼프, 띠, 리본, 플레어",반팔,우븐,깅엄,스위트하트,노멀
106968,로맨틱,,미니,블루,"퍼프, 띠, 리본, 플레어",반팔,우븐,깅엄,스위트하트,노멀
107008,로맨틱,리조트,미니,그린,플레어,민소매,우븐,,유넥,노멀
107011,로맨틱,리조트,미니,화이트,플레어,민소매,우븐,,유넥,노멀
107012,로맨틱,리조트,미니,화이트,플레어,민소매,우븐,,유넥,노멀
107019,로맨틱,리조트,미니,화이트,플레어,민소매,우븐,,유넥,노멀
107020,로맨틱,리조트,미니,화이트,플레어,민소매,우븐,,유넥,노멀
107021,로맨틱,리조트,미니,화이트,플레어,민소매,우븐,,유넥,노멀
1071097,로맨틱,페미닌,미디,베이지,자수,긴팔,레이스,,,루즈
1071593,로맨틱,,미디,옐로우,"띠, 러플",긴팔,우븐,플로럴,,루즈
1071601,로맨틱,,미디,옐로우,띠,긴팔,우븐,플로럴,,루즈
1071630,로맨틱,,미디,화이트,"레이스, 태슬",민소매,레이스,,,노멀
1071669,로맨틱,,니렝스,블루,"리본, 퍼프, 셔링, 프릴",7부소매,시폰,그래픽,,노멀
1071670,로맨틱,,니렝스,블루,"리본, 퍼프, 셔링, 프릴",7부소매,시폰,그래픽,,노멀
1071768,로맨틱,,니렝스,스카이블루,"러플, 비즈",반팔,우븐,무지,라운드넥,오버사이즈
107207,로맨틱,,미니,핑크,"셔링, 단추, 플레어",민소매,우븐,무지,브이넥,노멀
1072212,로맨틱,,발목,화이트,프릴,긴팔,시폰,도트,브이넥,루즈
1072302,로맨틱,,니렝스,네이비,플리츠,긴팔,시폰,플로럴,라운드넥,루즈
1072312,로맨틱,,미디,화이트,"리본, 셔링",반팔,시폰,플로럴,,루즈
1072322,로맨틱,,미디,스카이블루,셔링,반팔,우븐,플로럴,,루즈
1072336,로맨틱,,니렝스,베이지,"리본, 셔링",반팔,우븐,플로럴,,루즈
1072342,로맨틱,,니렝스,베이지,"리본, 셔링",반팔,우븐,플로럴,,루즈
1072362,로맨틱,,미디,민트,"리본, 플레어",7부소매,시폰,플로럴,브이넥,루즈
1072409,로맨틱,,니렝스,핑크,"플리츠, 단추",긴팔,우븐,무지,브이넥,루즈
1072412,로맨틱,,니렝스,핑크,"플리츠, 단추",긴팔,우븐,무지,브이넥,루즈
1072434,로맨틱,클래식,니렝스,스카이블루,"버클, 퍼프",7부소매,우븐,무지,,노멀
1072442,로맨틱,클래식,니렝스,스카이블루,퍼프,7부소매,우븐,무지,,노멀
1072452,로맨틱,,미디,네이비,리본,반팔,우븐,플로럴,브이넥,노멀
1072729,로맨틱,,미디,퍼플,"플레어, 러플",7부소매,우븐,무지,오프숄더,루즈
1072844,로맨틱,,미니,핑크,"플레어, 플리츠, 띠",반팔,시폰,무지,브이넥,노멀
1072850,로맨틱,,미니,핑크,"플레어, 플리츠, 띠",반팔,시폰,무지,브이넥,노멀
1072860,로맨틱,,미디,화이트,"플리츠, 셔링, 플레어, 리본",긴팔,우븐,무지,,노멀
1072890,로맨틱,,미니,화이트,"셔링, 플리츠, 플레어",7부소매,린넨,스트라이프,오프숄더,노멀
1072894,로맨틱,,니렝스,그린,"플레어, 플리츠",반팔,실크,무지,라운드넥,루즈
1072900,로맨틱,,니렝스,그린,"플레어, 플리츠",반팔,실크,무지,라운드넥,루즈
1072914,로맨틱,,미니,라벤더,"셔링, 플리츠, 러플",7부소매,시폰,플로럴,유넥,노멀
1072950,로맨틱,,미디,네이비,"단추, 롤업, 플레어, 포켓, 플리츠",7부소매,린넨,스트라이프,,루즈
1072960,로맨틱,,미디,네이비,"단추, 롤업, 플레어, 포켓, 플리츠",반팔,우븐,스트라이프,,루즈
1072970,로맨틱,리조트,니렝스,블루,"단추, 롤업, 드롭숄더",반팔,린넨,스트라이프,,루즈
1073000,로맨틱,,미니,네이비,"셔링, 플리츠, 플레어",민소매,우븐,그래픽,스위트하트,노멀
1073010,로맨틱,,미디,화이트,"셔링, 플레어, 플리츠, 프릴",민소매,시폰,플로럴,스퀘어넥,노멀
1073676,로맨틱,페미닌,니렝스,네온,프릴,7부소매,"린넨, 우븐",무지,라운드넥,루즈
107376,로맨틱,,미니,베이지,"셔링, 단추, 플레어",반팔,우븐,무지,브이넥,노멀
1074130,로맨틱,페미닌,미디,블랙,"플레어, 셔링",긴팔,시폰,플로럴,,루즈
1074935,로맨틱,,니렝스,브라운,"러플, 프릴, 셔링",긴팔,시폰,플로럴,라운드넥,루즈
107494,로맨틱,,미니,스카이블루,"러플, 단추, 리본, 띠",민소매,실크,무지,,노멀
1074940,로맨틱,,니렝스,브라운,"러플, 프릴, 셔링",긴팔,시폰,플로럴,라운드넥,루즈
1075092,로맨틱,페미닌,미니,와인,"리본, 프릴, 러플",긴팔,시폰,무지,라운드넥,루즈
1075410,로맨틱,,발목,핑크,"셔링, 플레어",긴팔,시폰,플로럴,라운드넥,노멀
1075436,로맨틱,페미닌,니렝스,핑크,플레어,긴팔,"실크, 시폰",,라운드넥,노멀
1075440,로맨틱,페미닌,니렝스,핑크,플레어,긴팔,"실크, 시폰",,,노멀
1076247,로맨틱,,미디,핑크,"단추, 레이스, 셔링",긴팔,우븐,,브이넥,루즈
1076742,로맨틱,,니렝스,블랙,플레어,긴팔,"니트, 시폰","무지, 그래픽",라운드넥,노멀
1076752,로맨틱,,미디,네이비,러플,긴팔,"니트, 시폰","무지, 플로럴",라운드넥,노멀
1076798,로맨틱,모던,니렝스,블랙,"퍼프, 리본",긴팔,"시폰, 우븐",무지,브이넥,노멀
1076802,로맨틱,모던,니렝스,블랙,"퍼프, 리본",긴팔,"시폰, 우븐",무지,브이넥,노멀
1078976,로맨틱,,미니,화이트,플레어,반팔,시폰,무지,브이넥,노멀
108001,로맨틱,컨트리,미니,브라운,"플레어, 플리츠",긴팔,우븐,체크,스위트하트,노멀
108477,로맨틱,,니렝스,와인,"플레어, 러플, 리본, 셔링",긴팔,우븐,무지,,노멀
108487,로맨틱,,니렝스,와인,"플레어, 러플, 리본, 셔링",긴팔,우븐,무지,,노멀
108828,로맨틱,페미닌,미디,와인,단추,긴팔,,,브이넥,노멀
108836,로맨틱,페미닌,미디,와인,단추,긴팔,,,브이넥,노멀
108917,로맨틱,페미닌,미디,핑크,"단추, 프릴",긴팔,,,브이넥,노멀
109169,로맨틱,페미닌,미디,화이트,리본,긴팔,,플로럴,브이넥,노멀
109181,로맨틱,페미닌,미디,화이트,리본,긴팔,,플로럴,브이넥,노멀
109182,로맨틱,페미닌,미디,화이트,리본,긴팔,,플로럴,브이넥,노멀
109183,로맨틱,페미닌,미디,화이트,리본,긴팔,,플로럴,,노멀
109190,로맨틱,페미닌,미디,블루,"단추, 프릴, 리본",긴팔,우븐,,,노멀
109273,로맨틱,페미닌,미디,핑크,단추,긴팔,벨벳,,,노멀
1095536,로맨틱,,니렝스,핑크,"플레어, 프릴",긴팔,우븐,플로럴,라운드넥,노멀
109726,로맨틱,,니렝스,베이지,"스트링, 셔링",긴팔,우븐,무지,,노멀
109727,로맨틱,,니렝스,베이지,"스트링, 플레어",긴팔,우븐,무지,라운드넥,노멀
109729,로맨틱,,니렝스,베이지,,긴팔,시폰,플로럴,브이넥,노멀
109730,로맨틱,,니렝스,베이지,,긴팔,시폰,플로럴,브이넥,노멀
109731,로맨틱,,니렝스,베이지,,긴팔,시폰,플로럴,브이넥,노멀
109732,로맨틱,,니렝스,베이지,,긴팔,시폰,플로럴,브이넥,노멀
109733,로맨틱,,니렝스,베이지,,긴팔,시폰,플로럴,브이넥,노멀
109738,로맨틱,,니렝스,베이지,,긴팔,시폰,플로럴,브이넥,노멀
109741,로맨틱,,니렝스,베이지,,긴팔,시폰,플로럴,브이넥,노멀
109742,로맨틱,,니렝스,베이지,,긴팔,시폰,플로럴,브이넥,노멀
109743,로맨틱,,니렝스,베이지,스트링,긴팔,시폰,플로럴,,노멀
109819,로맨틱,,미니,스카이블루,플레어,긴팔,시폰,무지,라운드넥,노멀
109823,로맨틱,,미니,스카이블루,플레어,긴팔,시폰,무지,라운드넥,노멀
109899,로맨틱,,니렝스,핑크,플레어,긴팔,우븐,무지,브이넥,노멀
109900,로맨틱,,니렝스,핑크,플레어,긴팔,우븐,무지,브이넥,노멀
109901,로맨틱,,니렝스,핑크,플레어,긴팔,우븐,무지,브이넥,노멀
109902,로맨틱,,니렝스,핑크,플레어,긴팔,우븐,무지,브이넥,노멀
109903,로맨틱,,니렝스,핑크,플레어,긴팔,우븐,무지,브이넥,노멀
109952,로맨틱,,미니,퍼플,"프릴, 러플",긴팔,시폰,플로럴,,노멀
109955,로맨틱,,미니,퍼플,"프릴, 러플",긴팔,시폰,플로럴,,노멀
109996,로맨틱,,미니,핑크,"플레어, 퍼프, 셔링",긴팔,시폰,무지,라운드넥,노멀
110009,로맨틱,,미니,핑크,"플레어, 퍼프, 셔링",긴팔,시폰,무지,라운드넥,노멀
110010,로맨틱,,미니,핑크,"플레어, 퍼프, 셔링",긴팔,시폰,무지,라운드넥,노멀
110012,로맨틱,,미니,화이트,스트링,긴팔,우븐,믹스,라운드넥,노멀
110013,로맨틱,,미니,화이트,스트링,긴팔,우븐,믹스,라운드넥,노멀
1100569,로맨틱,페미닌,,스카이블루,플레어,긴팔,우븐,무지,라운드넥,노멀
1100580,로맨틱,페미닌,,스카이블루,플레어,긴팔,우븐,무지,라운드넥,노멀
110502,로맨틱,페미닌,니렝스,그레이,"플리츠, 띠, 리본, 플레어",반팔,우븐,무지,브이넥,노멀
110637,로맨틱,리조트,니렝스,화이트,"단추, 퍼프",반팔,린넨,무지,스퀘어넥,노멀
113179,로맨틱,,미디,그린,프릴,7부소매,시폰,플로럴,브이넥,노멀
11378,로맨틱,페미닌,니렝스,화이트,,긴팔,우븐,무지,라운드넥,노멀
11389,로맨틱,페미닌,니렝스,스카이블루,,긴팔,우븐,무지,라운드넥,노멀
11390,로맨틱,페미닌,니렝스,스카이블루,,긴팔,우븐,무지,라운드넥,노멀
11392,로맨틱,페미닌,니렝스,스카이블루,,긴팔,우븐,무지,라운드넥,노멀
1144384,로맨틱,,니렝스,라벤더,퍼프,반팔,우븐,체크,스퀘어넥,노멀
11480,로맨틱,페미닌,니렝스,오렌지,퍼프,반팔,린넨,무지,라운드넥,노멀
11484,로맨틱,페미닌,니렝스,오렌지,퍼프,반팔,린넨,무지,라운드넥,노멀
11485,로맨틱,페미닌,니렝스,오렌지,퍼프,반팔,린넨,무지,브이넥,노멀
11511,로맨틱,스트리트,미디,민트,"셔링, 퍼프",7부소매,우븐,무지,스퀘어넥,루즈
1154165,로맨틱,모던,미니,베이지,"리본, 프릴",긴팔,우븐,무지,,루즈
1157792,로맨틱,,미니,그레이,"프릴, 띠, 버클",긴팔,우븐,체크,브이넥,루즈
1158237,로맨틱,,니렝스,네이비,레이스,반팔,"저지, 레이스",무지,,노멀
1158884,로맨틱,,,베이지,"레이스, 셔링, 러플",반팔,레이스,무지,라운드넥,노멀
1158959,로맨틱,모던,발목,블랙,슬릿,없음,우븐,무지,스퀘어넥,루즈
1163033,로맨틱,,니렝스,브라운,"셔링, 플레어",긴팔,시폰,플로럴,브이넥,노멀
116395,로맨틱,페미닌,,스카이블루,"레이스, 리본, 플레어",반팔,"레이스, 우븐",,라운드넥,노멀
116400,로맨틱,페미닌,,스카이블루,"레이스, 리본, 플레어",반팔,"레이스, 우븐",,라운드넥,노멀
116401,로맨틱,페미닌,,스카이블루,"레이스, 리본, 플레어",반팔,"레이스, 우븐",,라운드넥,노멀
1164240,로맨틱,,,,,,,,,
1165076,로맨틱,,미니,퍼플,드롭숄더,7부소매,저지,무지,라운드넥,오버사이즈
116551,로맨틱,페미닌,,스카이블루,"러플, 띠, 리본, 퍼프, 플레어",반팔,우븐,플로럴,라운드넥,노멀
116762,로맨틱,페미닌,미디,핑크,"리본, 띠, 플레어",7부소매,레이스,,라운드넥,노멀
116763,로맨틱,페미닌,,핑크,"리본, 띠, 플레어",7부소매,레이스,,라운드넥,노멀
116764,로맨틱,페미닌,미디,핑크,"리본, 띠, 플레어",7부소매,레이스,,라운드넥,노멀
116768,로맨틱,페미닌,미디,핑크,"리본, 띠, 플레어",반팔,레이스,,라운드넥,노멀
116773,로맨틱,페미닌,미디,핑크,"띠, 플레어, 지퍼",반팔,레이스,,라운드넥,노멀
116774,로맨틱,페미닌,미디,핑크,"리본, 띠, 플레어, 비대칭",7부소매,레이스,,라운드넥,노멀
116775,로맨틱,페미닌,미디,핑크,"리본, 띠, 플레어, 비대칭",7부소매,레이스,,라운드넥,노멀
116844,로맨틱,페미닌,니렝스,와인,"플레어, 리본",7부소매,우븐,무지,라운드넥,노멀
116847,로맨틱,페미닌,니렝스,와인,"플레어, 리본",7부소매,우븐,무지,라운드넥,노멀
116848,로맨틱,페미닌,니렝스,카키,"플레어, 리본",7부소매,우븐,무지,라운드넥,노멀
116849,로맨틱,페미닌,니렝스,카키,"플레어, 리본",7부소매,우븐,무지,라운드넥,노멀
116850,로맨틱,페미닌,니렝스,카키,"플레어, 리본",7부소매,우븐,무지,라운드넥,노멀
116853,로맨틱,페미닌,니렝스,브라운,"플레어, 리본",긴팔,우븐,무지,라운드넥,노멀
116855,로맨틱,페미닌,니렝스,카키,"플레어, 리본",7부소매,우븐,무지,라운드넥,노멀
116856,로맨틱,페미닌,니렝스,카키,"플레어, 리본",7부소매,우븐,무지,라운드넥,노멀
116859,로맨틱,히피,발목,블루,"리본, 플레어",7부소매,우븐,플로럴,브이넥,노멀
116860,로맨틱,히피,발목,블루,"리본, 플레어",7부소매,우븐,플로럴,브이넥,노멀
116861,로맨틱,히피,발목,블루,"리본, 플레어",긴팔,우븐,플로럴,브이넥,노멀
116862,로맨틱,히피,발목,블루,"리본, 플레어",7부소매,우븐,플로럴,브이넥,노멀
116863,로맨틱,히피,발목,네이비,"리본, 플레어",7부소매,우븐,플로럴,,노멀
116864,로맨틱,히피,발목,네이비,"리본, 플레어",7부소매,우븐,플로럴,브이넥,노멀
116865,로맨틱,히피,발목,네이비,"리본, 플레어",7부소매,우븐,플로럴,,노멀
116871,로맨틱,히피,발목,그레이,"리본, 플레어",7부소매,우븐,플로럴,브이넥,노멀
116872,로맨틱,히피,발목,퍼플,플레어,7부소매,우븐,플로럴,,노멀
116874,로맨틱,히피,발목,퍼플,"리본, 플레어",7부소매,우븐,플로럴,브이넥,노멀
116876,로맨틱,히피,미디,그레이,"리본, 플레어",7부소매,우븐,플로럴,브이넥,노멀
116877,로맨틱,히피,미디,브라운,"리본, 플레어",7부소매,우븐,플로럴,브이넥,노멀
116883,로맨틱,,미디,카키,"리본, 플레어",7부소매,우븐,그래픽,,노멀
116884,로맨틱,,미디,카키,"리본, 플레어",7부소매,우븐,그래픽,라운드넥,노멀
116912,로맨틱,,미디,와인,"리본, 플레어",긴팔,레이스,무지,라운드넥,노멀
116923,로맨틱,페미닌,니렝스,퍼플,,긴팔,레이스,,라운드넥,타이트
116924,로맨틱,페미닌,니렝스,퍼플,,긴팔,레이스,,라운드넥,타이트
116929,로맨틱,페미닌,미디,그레이,,긴팔,레이스,,라운드넥,타이트
116944,로맨틱,히피,니렝스,옐로우,플레어,긴팔,우븐,그래픽,,노멀
116956,로맨틱,페미닌,니렝스,민트,"리본, 플레어",긴팔,우븐,플로럴,라운드넥,노멀
116990,로맨틱,페미닌,니렝스,화이트,,긴팔,레이스,,라운드넥,타이트
116991,로맨틱,페미닌,니렝스,와인,"플레어, 리본",긴팔,레이스,,라운드넥,노멀
117110,로맨틱,페미닌,미디,카키,"플레어, 띠",긴팔,우븐,그래픽,,노멀
117137,로맨틱,페미닌,미디,블랙,"플레어, 리본",긴팔,우븐,플로럴,라운드넥,노멀
117213,로맨틱,오리엔탈,미디,레드,"리본, 플레어",긴팔,실크,플로럴,라운드넥,노멀
117227,로맨틱,오리엔탈,미디,레드,"리본, 플레어",7부소매,실크,플로럴,라운드넥,노멀
117246,로맨틱,소피스트케이티드,미디,베이지,"띠, 플레어, 레이스",긴팔,레이스,플로럴,라운드넥,노멀
117436,로맨틱,오리엔탈,미디,블루,"리본, 플레어",긴팔,실크,플로럴,라운드넥,노멀
117492,로맨틱,,미디,핑크,"러플, 리본",긴팔,실크,플로럴,라운드넥,노멀
117495,로맨틱,오리엔탈,미디,베이지,"리본, 플레어",긴팔,실크,플로럴,라운드넥,노멀
117496,로맨틱,오리엔탈,미디,베이지,"리본, 플레어",긴팔,실크,플로럴,라운드넥,노멀
117497,로맨틱,오리엔탈,미디,베이지,"리본, 플레어",긴팔,실크,플로럴,라운드넥,노멀
117498,로맨틱,오리엔탈,미디,베이지,"리본, 플레어",긴팔,실크,플로럴,라운드넥,노멀
117499,로맨틱,오리엔탈,미디,베이지,"플레어, 띠",긴팔,실크,플로럴,,노멀
117506,로맨틱,오리엔탈,미디,베이지,"리본, 플레어",긴팔,실크,플로럴,라운드넥,노멀
117509,로맨틱,오리엔탈,미디,핑크,"리본, 플레어",반팔,린넨,플로럴,라운드넥,노멀
117511,로맨틱,오리엔탈,미디,핑크,"리본, 플레어",반팔,린넨,플로럴,라운드넥,노멀
117512,로맨틱,오리엔탈,미디,핑크,"플레어, 띠",반팔,린넨,플로럴,라운드넥,노멀
117513,로맨틱,오리엔탈,미디,핑크,"리본, 플레어",반팔,린넨,플로럴,라운드넥,노멀
117521,로맨틱,오리엔탈,미디,화이트,"리본, 플레어",반팔,린넨,플로럴,라운드넥,노멀
117522,로맨틱,오리엔탈,미디,화이트,"리본, 플레어",반팔,린넨,플로럴,라운드넥,노멀
117524,로맨틱,오리엔탈,미디,화이트,"리본, 플레어",반팔,린넨,플로럴,라운드넥,노멀
117528,로맨틱,오리엔탈,미디,핑크,"리본, 플레어",반팔,린넨,플로럴,라운드넥,노멀
117529,로맨틱,오리엔탈,미디,블랙,"리본, 플레어",반팔,린넨,플로럴,라운드넥,노멀
117530,로맨틱,오리엔탈,미디,블랙,"리본, 플레어",반팔,린넨,플로럴,라운드넥,노멀
117539,로맨틱,오리엔탈,미디,라벤더,"리본, 플레어",캡,린넨,플로럴,라운드넥,노멀
117540,로맨틱,오리엔탈,미디,라벤더,"리본, 플레어",캡,린넨,플로럴,라운드넥,노멀
117541,로맨틱,페미닌,미디,베이지,"리본, 플레어",캡,린넨,플로럴,라운드넥,노멀
117542,로맨틱,페미닌,미디,베이지,"리본, 플레어",캡,린넨,플로럴,라운드넥,노멀
1175863,로맨틱,,니렝스,핑크,"리본, 플레어",민소매,우븐,무지,라운드넥,노멀
117989,로맨틱,페미닌,니렝스,화이트,"퍼프, 띠, 플레어",반팔,우븐,플로럴,,노멀
118000,로맨틱,페미닌,니렝스,베이지,"퍼프, 리본, 띠, 플레어",반팔,우븐,플로럴,라운드넥,노멀
118005,로맨틱,페미닌,니렝스,블랙,"띠, 플레어",반팔,우븐,플로럴,,노멀
118011,로맨틱,페미닌,니렝스,화이트,"리본, 띠, 플레어",반팔,우븐,플로럴,라운드넥,노멀
118012,로맨틱,페미닌,니렝스,화이트,"리본, 띠, 플레어",반팔,우븐,플로럴,라운드넥,노멀
118031,로맨틱,페미닌,니렝스,화이트,"퍼프, 띠, 플레어",반팔,우븐,플로럴,,노멀
118048,로맨틱,페미닌,니렝스,실버,"띠, 리본, 플레어",민소매,"자카드, 레이스","플로럴, 도트",라운드넥,노멀
118049,로맨틱,페미닌,니렝스,실버,"띠, 리본, 플레어",민소매,"자카드, 레이스","플로럴, 도트",라운드넥,노멀
118112,로맨틱,페미닌,니렝스,베이지,"리본, 띠, 플레어",민소매,우븐,플로럴,라운드넥,노멀
118113,로맨틱,페미닌,니렝스,베이지,"리본, 띠, 플레어",민소매,우븐,플로럴,라운드넥,노멀
1185336,로맨틱,,니렝스,네이비,러플,긴팔,"시폰, 니트","플로럴, 무지",라운드넥,노멀
1185802,로맨틱,페미닌,니렝스,화이트,"레이스, 플레어",긴팔,"우븐, 레이스",무지,,노멀
1185930,로맨틱,히피,미디,스카이블루,레이스,반팔,"레이스, 저지",무지,라운드넥,노멀
1186356,로맨틱,스트리트,니렝스,블랙,플레어,긴팔,우븐,체크,라운드넥,노멀
1200193,로맨틱,모던,니렝스,블랙,페플럼,긴팔,우븐,깅엄,라운드넥,노멀
1200618,로맨틱,,미니,베이지,셔링,긴팔,시폰,플로럴,스퀘어넥,노멀
120233,로맨틱,히피,미디,블랙,셔링,민소매,시폰,플로럴,,루즈
1203222,로맨틱,페미닌,미디,화이트,"퍼프, 띠",반팔,우븐,무지,브이넥,노멀
1203258,로맨틱,,미니,옐로우,"프릴, 퍼프",반팔,시폰,플로럴,브이넥,노멀
1203262,로맨틱,,미니,옐로우,"프릴, 퍼프",반팔,시폰,플로럴,브이넥,노멀
1203452,로맨틱,,미디,골드,퍼프,반팔,우븐,깅엄,스퀘어넥,노멀
1204848,로맨틱,페미닌,발목,핑크,X스트랩,긴팔,우븐,무지,라운드넥,노멀
1204898,로맨틱,페미닌,미디,화이트,,긴팔,우븐,플로럴,라운드넥,노멀
1208,로맨틱,컨트리,니렝스,베이지,"러플, 퍼프, 셔링, 드롭웨이스트",긴팔,우븐,무지,라운드넥,루즈
1209,로맨틱,컨트리,니렝스,베이지,"러플, 퍼프, 셔링, 드롭웨이스트",긴팔,우븐,무지,,루즈
1212,로맨틱,리조트,미디,베이지,"퍼프, 셔링",긴팔,우븐,스트라이프,라운드넥,루즈
1214,로맨틱,리조트,미디,베이지,"퍼프, 셔링",긴팔,우븐,스트라이프,,루즈
12194,로맨틱,,발목,레드,퍼프,반팔,우븐,체크,브이넥,노멀
12204,로맨틱,,발목,레드,"퍼프, 스트링",반팔,우븐,체크,브이넥,노멀
1227,로맨틱,,미디,핑크,"드롭웨이스트, 러플, 싱글브레스티드",긴팔,우븐,무지,브이넥,루즈
1228,로맨틱,,미디,핑크,"드롭웨이스트, 러플, 싱글브레스티드",긴팔,우븐,무지,브이넥,루즈
1228531,로맨틱,,미디,민트,셔링,7부소매,시폰,플로럴,브이넥,노멀
1229,로맨틱,,미디,핑크,"드롭웨이스트, 러플, 싱글브레스티드",긴팔,우븐,무지,브이넥,루즈
1232,로맨틱,,미디,핑크,"드롭웨이스트, 러플",긴팔,우븐,무지,,루즈
1240292,로맨틱,리조트,미디,블랙,"띠, 플레어",반팔,저지,무지,라운드넥,노멀
124585,로맨틱,페미닌,미니,블랙,"플레어, 레이스",긴팔,"우븐, 레이스",무지,라운드넥,노멀
124608,로맨틱,페미닌,미니,블랙,"플레어, 레이스",긴팔,"우븐, 레이스",무지,라운드넥,노멀
1253805,로맨틱,,미디,그레이,플레어,긴팔,우븐,무지,,노멀
126782,로맨틱,스트리트,미디,베이지,프릴,7부소매,린넨,스트라이프,브이넥,노멀
127102,로맨틱,히피,미디,네이비,"퍼프, 러플, 셔링",긴팔,시폰,플로럴,라운드넥,노멀
1280089,로맨틱,페미닌,미니,스카이블루,"퍼프, 리본",반팔,우븐,무지,,루즈
1288816,로맨틱,리조트,미디,화이트,플레어,반팔,"저지, 우븐",무지,라운드넥,루즈
1288822,로맨틱,리조트,미디,화이트,플레어,반팔,"저지, 우븐",무지,라운드넥,루즈
1288832,로맨틱,리조트,미디,화이트,플레어,반팔,"저지, 우븐",무지,라운드넥,루즈
1288852,로맨틱,리조트,미디,화이트,플레어,반팔,"저지, 우븐",무지,라운드넥,루즈
1293160,로맨틱,섹시,미디,베이지,"셔링, 퍼프",반팔,우븐,무지,오프숄더,노멀
1308,로맨틱,모던,니렝스,블랙,,7부소매,울/캐시미어,체크,브이넥,노멀
1309,로맨틱,모던,니렝스,블랙,,7부소매,울/캐시미어,체크,브이넥,노멀
1313,로맨틱,모던,니렝스,블랙,,7부소매,울/캐시미어,체크,브이넥,노멀
1314,로맨틱,모던,니렝스,블랙,,7부소매,울/캐시미어,체크,브이넥,노멀
1316098,로맨틱,,미디,옐로우,"스트링, 프릴",반팔,시폰,플로럴,라운드넥,노멀
1317039,로맨틱,,니렝스,라벤더,"퍼프, 리본",반팔,우븐,무지,라운드넥,노멀
1317883,로맨틱,,니렝스,라벤더,러플,반팔,우븐,체크,브이넥,노멀
1319738,로맨틱,히피,미디,민트,"퍼프, 셔링, 프릴, 단추",반팔,시폰,플로럴,브이넥,노멀
1328380,로맨틱,,발목,블랙,,긴팔,우븐,,브이넥,루즈
133220,로맨틱,컨트리,발목,핑크,셔링,긴팔,우븐,무지,,루즈
1332737,로맨틱,,미디,화이트,퍼프,반팔,시폰,플로럴,라운드넥,노멀
1336050,로맨틱,,니렝스,핑크,셔링,민소매,우븐,플로럴,라운드넥,노멀
133792,로맨틱,컨트리,발목,브라운,플레어,긴팔,우븐,,라운드넥,루즈
1339838,로맨틱,,미니,화이트,"러플, 띠",반팔,우븐,플로럴,브이넥,노멀
1340898,로맨틱,,미니,옐로우,"단추, 리본, 셔링",민소매,우븐,,스퀘어넥,노멀
1342524,로맨틱,레트로,니렝스,베이지,,민소매,우븐,도트,,노멀
1343746,로맨틱,리조트,니렝스,핑크,,반팔,우븐,무지,라운드넥,루즈
1344096,로맨틱,,발목,베이지,"퍼프, 슬릿",반팔,,무지,라운드넥,노멀
1347,로맨틱,페미닌,미디,스카이블루,"프릴, 퍼프, 셔링, 드롭숄더",긴팔,우븐,무지,라운드넥,루즈
13695,로맨틱,리조트,미디,옐로우,"스트링, 퍼프",7부소매,"린넨, 우븐",무지,브이넥,루즈
137667,로맨틱,,미디,퍼플,"퍼프, 셔링",반팔,우븐,플로럴,라운드넥,노멀
1414,로맨틱,레트로,니렝스,퍼플,,반팔,우븐,플로럴,브이넥,루즈
1418,로맨틱,페미닌,발목,핑크,스트링,7부소매,우븐,무지,브이넥,노멀
1422,로맨틱,페미닌,발목,핑크,스트링,7부소매,우븐,무지,브이넥,노멀
1423,로맨틱,페미닌,발목,핑크,,7부소매,우븐,무지,브이넥,노멀
1425,로맨틱,페미닌,발목,핑크,스트링,7부소매,우븐,무지,브이넥,노멀
149355,로맨틱,,니렝스,실버,플레어,민소매,니트,,브이넥,루즈
1527,로맨틱,리조트,니렝스,핑크,,7부소매,우븐,무지,,노멀
154344,로맨틱,,,화이트,,긴팔,우븐,무지,브이넥,루즈
156134,로맨틱,스트리트,,카키,플리츠,민소매,린넨,,브이넥,노멀
1562,로맨틱,페미닌,발목,라벤더,"셔링, 드롭웨이스트",긴팔,시폰,무지,라운드넥,노멀
156291,로맨틱,,미니,베이지,"띠, 비대칭",긴팔,저지,,라운드넥,루즈
156441,로맨틱,,미니,베이지,"리본, 플레어",긴팔,시폰,플로럴,라운드넥,노멀
159776,로맨틱,리조트,발목,화이트,"레이스, 프린지",7부소매,"우븐, 레이스",무지,브이넥,노멀
164170,로맨틱,컨트리,미니,화이트,"프릴, 셔링, 퍼프",7부소매,우븐,무지,라운드넥,루즈
1650,로맨틱,,미니,레드,,반팔,우븐,플로럴,브이넥,노멀
17094,로맨틱,,미디,레드,플레어,7부소매,우븐,무지,,노멀
174530,로맨틱,컨트리,니렝스,베이지,"리본, 자수",긴팔,우븐,무지,라운드넥,노멀
17511,로맨틱,,미디,베이지,리본,긴팔,니트,,라운드넥,노멀
182080,로맨틱,리조트,발목,핑크,플리츠,반팔,우븐,무지,라운드넥,오버사이즈
184146,로맨틱,,맥시,화이트,"퍼프, 리본, 플리츠",반팔,우븐,무지,브이넥,노멀
185874,로맨틱,리조트,니렝스,화이트,"레이스, 셔링",7부소매,우븐,무지,스퀘어넥,루즈
1865,로맨틱,,미디,스카이블루,"리본, 프릴, 퍼프",7부소매,시폰,플로럴,라운드넥,노멀
1868,로맨틱,,니렝스,핑크,"리본, 프릴, 퍼프",반팔,시폰,플로럴,브이넥,노멀
1869,로맨틱,,니렝스,핑크,"리본, 프릴, 퍼프",반팔,시폰,플로럴,브이넥,노멀
18692,로맨틱,리조트,발목,스카이블루,,민소매,우븐,무지,스위트하트,노멀
1880,로맨틱,페미닌,미디,베이지,퍼프,7부소매,"린넨, 우븐",무지,라운드넥,루즈
1881,로맨틱,페미닌,미디,베이지,퍼프,7부소매,"린넨, 우븐",무지,라운드넥,루즈
193690,로맨틱,,발목,블루,프릴,반팔,우븐,무지,라운드넥,노멀
2043,로맨틱,페미닌,니렝스,핑크,플레어,7부소매,우븐,무지,라운드넥,노멀
2052,로맨틱,페미닌,니렝스,핑크,"플레어, 지퍼",7부소매,우븐,무지,,노멀
217491,로맨틱,,발목,라벤더,"셔링, 플레어",민소매,우븐,무지,,오버사이즈
2335,로맨틱,레트로,미니,브라운,,긴팔,우븐,체크,스퀘어넥,노멀
2348,로맨틱,히피,미디,와인,"셔링, 리본",긴팔,시폰,플로럴,라운드넥,노멀
236923,로맨틱,페미닌,니렝스,핑크,레이스,7부소매,레이스,플로럴,,노멀
238224,로맨틱,,미디,화이트,"레이스, 퍼프, 프릴",반팔,시폰,무지,라운드넥,노멀
2384,로맨틱,,미디,화이트,"띠, 셔링, 퍼프",긴팔,시폰,플로럴,라운드넥,노멀
243,로맨틱,,발목,블루,,반팔,우븐,플로럴,,노멀
2445,로맨틱,페미닌,미디,핑크,"플레어, 퍼프, 셔링",반팔,"우븐, 시폰",카무플라쥬,스위트하트,노멀
2453,로맨틱,페미닌,미디,옐로우,"포켓, 스터드, 플레어, 셔링",반팔,우븐,체크,스위트하트,타이트
2473,로맨틱,페미닌,니렝스,핑크,"지퍼, 리본, 프릴",민소매,우븐,카무플라쥬,브이넥,노멀
255039,로맨틱,페미닌,미디,오렌지,슬릿,반팔,우븐,무지,라운드넥,루즈
258973,로맨틱,,니렝스,옐로우,"퍼프, 플레어",반팔,우븐,플로럴,라운드넥,노멀
259882,로맨틱,,미디,카키,"띠, 버클, 단추",반팔,"우븐, 저지",무지,라운드넥,루즈
2619,로맨틱,,미디,화이트,"단추, 셔링",긴팔,시폰,플로럴,,루즈
264556,로맨틱,컨트리,미니,화이트,프린지,반팔,우븐,,라운드넥,노멀
266469,로맨틱,리조트,니렝스,블랙,러플,반팔,우븐,무지,라운드넥,루즈
268773,로맨틱,아방가르드,미디,오렌지,"플레어, 플리츠",캡,우븐,무지,라운드넥,노멀
26975,로맨틱,페미닌,니렝스,화이트,플리츠,긴팔,우븐,도트,라운드넥,루즈
2717,로맨틱,,미디,핑크,"프릴, 퍼프, 단추, 셔링",반팔,시폰,플로럴,라운드넥,루즈
279551,로맨틱,스트리트,니렝스,핑크,"컷아웃, 슬릿",긴팔,우븐,스트라이프,브이넥,루즈
291836,로맨틱,페미닌,니렝스,화이트,"리본, 플레어",반팔,"레이스, 우븐",무지,,타이트
293830,로맨틱,,미니,블랙,스트링,7부소매,우븐,플로럴,라운드넥,노멀
294,로맨틱,모던,미디,블랙,"페플럼, 플레어",긴팔,우븐,플로럴,브이넥,노멀
299449,로맨틱,리조트,미디,옐로우,,반팔,린넨,무지,라운드넥,노멀
305,로맨틱,레트로,미디,레드,"러플, 스트링, 페플럼",긴팔,시폰,"플로럴, 도트",브이넥,노멀
306,로맨틱,레트로,미디,레드,"러플, 스트링, 페플럼",긴팔,시폰,"플로럴, 도트",브이넥,노멀
315891,로맨틱,,니렝스,블랙,단추,긴팔,우븐,무지,,노멀
323,로맨틱,페미닌,미디,네이비,"셔링, 퍼프, 플레어",긴팔,우븐,플로럴,브이넥,노멀
331735,로맨틱,리조트,발목,핑크,플리츠,반팔,우븐,무지,라운드넥,타이트
346828,로맨틱,리조트,니렝스,그린,"셔링, 프릴",민소매,저지,무지,유넥,루즈
347,로맨틱,,미디,화이트,,긴팔,시폰,플로럴,라운드넥,노멀
35662,로맨틱,스트리트,미디,베이지,셔링,긴팔,"저지, 레이스",무지,라운드넥,오버사이즈
38477,로맨틱,스트리트,미디,오렌지,"셔링, 드롭웨이스트",긴팔,우븐,무지,라운드넥,루즈
38489,로맨틱,스트리트,미디,오렌지,"셔링, 드롭웨이스트",긴팔,우븐,무지,라운드넥,루즈
38714,로맨틱,페미닌,미디,스카이블루,"띠, 플레어, 퍼프",긴팔,"실크, 시폰",무지,라운드넥,노멀
400323,로맨틱,페미닌,니렝스,네이비,"플리츠, 띠",반팔,우븐,무지,브이넥,노멀
401676,로맨틱,,미니,화이트,"셔링, 플레어, 퍼프",반팔,린넨,,브이넥,노멀
41187,로맨틱,페미닌,미디,스카이블루,셔링,긴팔,실크,무지,라운드넥,루즈
41190,로맨틱,페미닌,미디,스카이블루,셔링,긴팔,실크,무지,라운드넥,루즈
414277,로맨틱,리조트,미디,브라운,"셔링, 프릴, 비대칭",반팔,우븐,무지,,루즈
41684,로맨틱,스트리트,발목,핑크,"셔링, 러플",민소매,시폰,플로럴,브이넥,루즈
41695,로맨틱,스트리트,발목,핑크,"셔링, 러플",민소매,시폰,플로럴,브이넥,루즈
41739,로맨틱,,미디,네이비,"리본, 프릴, 러플",반팔,시폰,"플로럴, 믹스",브이넥,루즈
41749,로맨틱,,미디,핑크,"리본, 프릴, 러플",반팔,시폰,"플로럴, 믹스",브이넥,루즈
41760,로맨틱,,미디,네이비,"플레어, 드롭웨이스트",반팔,우븐,"스트라이프, 무지",라운드넥,루즈
41765,로맨틱,,미디,네이비,"플레어, 드롭웨이스트",반팔,우븐,"스트라이프, 무지",라운드넥,루즈
41840,로맨틱,페미닌,니렝스,카키,"드롭웨이스트, 프릴, 리본",긴팔,우븐,플로럴,브이넥,루즈
419632,로맨틱,모던,니렝스,스카이블루,"띠, 프릴, 슬릿",반팔,우븐,무지,브이넥,노멀
419883,로맨틱,스트리트,니렝스,그린,"롤업, 리본, 띠",반팔,우븐,무지,,노멀
419920,로맨틱,리조트,니렝스,스카이블루,"띠, 러플",반팔,우븐,무지,브이넥,노멀
419988,로맨틱,컨트리,니렝스,핑크,"띠, 리본, 단추, 롤업",반팔,우븐,깅엄,브이넥,노멀
421784,로맨틱,클래식,니렝스,핑크,"플리츠, 띠",긴팔,우븐,무지,브이넥,노멀
423096,로맨틱,컨트리,니렝스,베이지,"단추, 리본, 러플",반팔,린넨,무지,브이넥,루즈
423810,로맨틱,,니렝스,화이트,"프릴, 드롭웨이스트, 셔링",반팔,시폰,무지,브이넥,노멀
423864,로맨틱,,발목,퍼플,"셔링, 퍼프",반팔,우븐,플로럴,라운드넥,노멀
423901,로맨틱,,발목,핑크,스트링,반팔,우븐,무지,,노멀
423976,로맨틱,리조트,발목,스카이블루,"셔링, 퍼프",반팔,우븐,무지,라운드넥,루즈
424047,로맨틱,리조트,발목,스카이블루,"퍼프, 러플",반팔,우븐,무지,유넥,노멀
428279,로맨틱,페미닌,미니,핑크,"자수, 리본",긴팔,우븐,플로럴,오프숄더,노멀
429682,로맨틱,스트리트,미디,브라운,,긴팔,니트,체크,라운드넥,루즈
429691,로맨틱,스트리트,미디,브라운,,긴팔,니트,체크,라운드넥,루즈
429711,로맨틱,페미닌,니렝스,핑크,,7부소매,레이스,믹스,라운드넥,루즈
429720,로맨틱,페미닌,니렝스,핑크,,7부소매,레이스,믹스,라운드넥,루즈
429751,로맨틱,,니렝스,라벤더,,긴팔,레이스,도트,라운드넥,루즈
430008,로맨틱,모던,미디,베이지,,반팔,,"믹스, 스트라이프",라운드넥,루즈
43091,로맨틱,,미디,핑크,"퍼프, 프릴, 단추, 플레어",반팔,시폰,플로럴,라운드넥,루즈
43157,로맨틱,페미닌,미디,핑크,"띠, 프릴, 퍼프",반팔,시폰,플로럴,브이넥,노멀
43161,로맨틱,페미닌,미디,핑크,"띠, 프릴, 퍼프",반팔,시폰,플로럴,브이넥,노멀
441,로맨틱,페미닌,미니,화이트,퍼프,긴팔,우븐,카무플라쥬,라운드넥,노멀
4423,로맨틱,히피,니렝스,네이비,셔링,7부소매,시폰,플로럴,스퀘어넥,루즈
4424,로맨틱,히피,니렝스,네이비,셔링,7부소매,시폰,플로럴,스퀘어넥,루즈
4433,로맨틱,히피,니렝스,네이비,셔링,7부소매,시폰,플로럴,스퀘어넥,루즈
4437,로맨틱,히피,미니,화이트,자수,긴팔,우븐,플로럴,라운드넥,루즈
4439,로맨틱,히피,미니,화이트,자수,긴팔,우븐,플로럴,라운드넥,루즈
446880,로맨틱,키치,니렝스,핑크,"프릴, 슬릿",긴팔,저지,무지,라운드넥,노멀
4470,로맨틱,섹시,니렝스,화이트,"비대칭, 퍼프",반팔,우븐,플로럴,오프숄더,노멀
447206,로맨틱,,미디,핑크,"셔링, 비대칭",긴팔,"벨벳, 우븐",무지,라운드넥,루즈
447970,로맨틱,,니렝스,화이트,셔링,긴팔,"우븐, 레이스",,라운드넥,노멀
448163,로맨틱,,미디,스카이블루,러플,긴팔,시폰,플로럴,,루즈
44834,로맨틱,,니렝스,라벤더,포켓,민소매,우븐,무지,라운드넥,노멀
449762,로맨틱,스트리트,미디,레드,프릴,반팔,린넨,무지,라운드넥,루즈
449782,로맨틱,리조트,미디,화이트,"셔링, 프릴",7부소매,시폰,무지,브이넥,루즈
449829,로맨틱,페미닌,미디,핑크,,7부소매,우븐,무지,보트넥,노멀
449939,로맨틱,리조트,미디,스카이블루,띠,긴팔,우븐,무지,,노멀
45018,로맨틱,,미디,네이비,러플,7부소매,우븐,무지,라운드넥,루즈
450377,로맨틱,스트리트,발목,라벤더,"셔링, 플리츠",반팔,니트,,라운드넥,노멀
450380,로맨틱,스트리트,발목,라벤더,"셔링, 플리츠",반팔,니트,,라운드넥,노멀
450969,로맨틱,리조트,미디,그린,슬릿,반팔,니트,무지,,루즈
451441,로맨틱,레트로,발목,핑크,"퍼프, 셔링, 플레어",반팔,우븐,무지,,루즈
451576,로맨틱,페미닌,발목,핑크,"레이스, 플레어",반팔,"우븐, 레이스",무지,브이넥,루즈
451594,로맨틱,페미닌,미디,라벤더,"프릴, 셔링, 퍼프, 리본",반팔,시폰,무지,,루즈
451622,로맨틱,페미닌,미디,화이트,"리본, 퍼프, 셔링",반팔,시폰,플로럴,브이넥,루즈
451630,로맨틱,페미닌,미디,화이트,"리본, 퍼프, 셔링",반팔,시폰,플로럴,브이넥,루즈
465837,로맨틱,페미닌,미디,화이트,플레어,반팔,"레이스, 시폰",플로럴,라운드넥,노멀
471622,로맨틱,페미닌,미니,네이비,,반팔,우븐,도트,브이넥,노멀
47582,로맨틱,페미닌,니렝스,블랙,"비즈, 프릴",반팔,,,라운드넥,노멀
47586,로맨틱,페미닌,니렝스,블랙,"비즈, 프릴",반팔,,,라운드넥,노멀
47648,로맨틱,페미닌,니렝스,핑크,프릴,반팔,,,,노멀
47653,로맨틱,페미닌,니렝스,핑크,프릴,반팔,,,,노멀
47654,로맨틱,페미닌,니렝스,핑크,프릴,반팔,,,,노멀
47655,로맨틱,페미닌,니렝스,핑크,프릴,반팔,,,,노멀
47664,로맨틱,페미닌,니렝스,블랙,프릴,반팔,,,,노멀
47674,로맨틱,페미닌,니렝스,블랙,"버클, 플레어",반팔,,,브이넥,노멀
47675,로맨틱,페미닌,니렝스,블랙,"버클, 플레어",반팔,,,브이넥,노멀
47758,로맨틱,페미닌,미디,화이트,"퍼프, 프릴",반팔,,플로럴,브이넥,노멀
47764,로맨틱,페미닌,미디,블랙,"퍼프, 프릴",반팔,,플로럴,브이넥,노멀
47770,로맨틱,페미닌,미디,화이트,"퍼프, 프릴",반팔,,플로럴,브이넥,노멀
47782,로맨틱,페미닌,미디,레드,"프릴, 플레어",캡,,플로럴,브이넥,노멀
47786,로맨틱,페미닌,미디,레드,"프릴, 플레어",캡,,플로럴,브이넥,노멀
47787,로맨틱,페미닌,미디,레드,"프릴, 플레어",캡,,플로럴,브이넥,노멀
47790,로맨틱,페미닌,미디,레드,"프릴, 플레어",캡,,플로럴,브이넥,노멀
47791,로맨틱,페미닌,미디,레드,"프릴, 플레어",캡,,플로럴,브이넥,노멀
47792,로맨틱,페미닌,미디,블랙,"프릴, 플레어",캡,,플로럴,브이넥,노멀
47798,로맨틱,페미닌,미디,블랙,"프릴, 플레어",캡,,플로럴,브이넥,노멀
47800,로맨틱,페미닌,미디,레드,"프릴, 플레어",캡,,플로럴,브이넥,노멀
47822,로맨틱,페미닌,니렝스,와인,"러플, 리본",캡,,,,타이트
47833,로맨틱,페미닌,니렝스,와인,"러플, 리본",캡,,,,타이트
47837,로맨틱,페미닌,니렝스,블랙,"러플, 리본",캡,,,,타이트
47866,로맨틱,페미닌,니렝스,핑크,러플,7부소매,,,라운드넥,노멀
47886,로맨틱,페미닌,니렝스,핑크,러플,7부소매,,,라운드넥,노멀
47985,로맨틱,페미닌,니렝스,오렌지,"퍼프, 셔링, 레이스",긴팔,,,라운드넥,노멀
47992,로맨틱,페미닌,니렝스,골드,"퍼프, 셔링, 레이스",긴팔,,,라운드넥,노멀
47995,로맨틱,페미닌,니렝스,골드,"퍼프, 셔링, 레이스",긴팔,,,라운드넥,노멀
48005,로맨틱,페미닌,니렝스,골드,"퍼프, 셔링, 레이스",긴팔,,,라운드넥,노멀
483105,로맨틱,모던,미디,그레이,"단추, 띠, 리본, 플레어",반팔,우븐,무지,브이넥,노멀
48392,로맨틱,페미닌,니렝스,핑크,플레어,7부소매,시폰,,라운드넥,노멀
48402,로맨틱,페미닌,니렝스,핑크,플레어,7부소매,시폰,,라운드넥,노멀
48411,로맨틱,페미닌,니렝스,핑크,플레어,7부소매,시폰,,라운드넥,노멀
48538,로맨틱,페미닌,니렝스,베이지,레이스,반팔,레이스,무지,라운드넥,타이트
48561,로맨틱,,니렝스,핑크,러플,반팔,우븐,무지,라운드넥,타이트
48563,로맨틱,,니렝스,핑크,러플,반팔,우븐,무지,라운드넥,타이트
48564,로맨틱,,니렝스,핑크,러플,반팔,우븐,무지,라운드넥,타이트
48605,로맨틱,페미닌,니렝스,베이지,지퍼,캡,우븐,무지,,노멀
48637,로맨틱,,미디,핑크,"띠, 플레어",민소매,우븐,무지,브이넥,노멀
48646,로맨틱,,미디,핑크,"띠, 플레어",민소매,우븐,무지,브이넥,노멀
48647,로맨틱,,미디,핑크,"띠, 플레어",민소매,우븐,무지,브이넥,노멀
48649,로맨틱,,미디,핑크,"띠, 플레어",민소매,우븐,무지,브이넥,노멀
495612,로맨틱,스트리트,미디,핑크,"리본, 슬릿",민소매,우븐,무지,,노멀
510045,로맨틱,페미닌,미니,블랙,,7부소매,시폰,도트,브이넥,루즈
515983,로맨틱,페미닌,니렝스,화이트,"퍼프, 셔링, 리본",반팔,우븐,무지,라운드넥,노멀
522876,로맨틱,스트리트,발목,베이지,"퍼프, 띠",반팔,울/캐시미어,,,노멀
525580,로맨틱,스트리트,발목,네이비,"버클, 단추, 스티치, 포켓",민소매,데님,무지,스퀘어넥,루즈
530832,로맨틱,,미니,레드,"퍼프, 단추",반팔,우븐,플로럴,,노멀
533002,로맨틱,스트리트,발목,화이트,"셔링, 드롭웨이스트",민소매,"저지, 레이스",,유넥,노멀
533084,로맨틱,,미디,베이지,셔링,긴팔,린넨,무지,라운드넥,루즈
537175,로맨틱,,발목,블랙,,긴팔,시폰,플로럴,,루즈
544379,로맨틱,페미닌,미니,블랙,"비즈, 셔링",긴팔,시폰,무지,,노멀
551307,로맨틱,,미니,베이지,프릴,긴팔,울/캐시미어,,,노멀
570302,로맨틱,,미니,화이트,,민소매,우븐,플로럴,라운드넥,루즈
57050,로맨틱,,미디,블루,셔링,반팔,데님,무지,유넥,오버사이즈
57053,로맨틱,,미디,블루,셔링,반팔,데님,무지,유넥,오버사이즈
573466,로맨틱,페미닌,니렝스,그레이,"리본, 플레어",긴팔,우븐,플로럴,라운드넥,노멀
574853,로맨틱,리조트,니렝스,블랙,레이스,반팔,"실크, 레이스",무지,라운드넥,루즈
575811,로맨틱,,미디,블랙,프릴,긴팔,우븐,무지,라운드넥,루즈
579080,로맨틱,리조트,미디,블랙,"셔링, 슬릿",긴팔,우븐,플로럴,,루즈
580866,로맨틱,,미니,핑크,러플,반팔,,무지,,노멀
59096,로맨틱,페미닌,미디,브라운,"스트링, 리본",긴팔,,,라운드넥,노멀
59451,로맨틱,페미닌,미디,그레이,리본,긴팔,,체크,브이넥,루즈
60191,로맨틱,페미닌,니렝스,핑크,"리본, 프릴",반팔,,도트,브이넥,노멀
613208,로맨틱,모던,니렝스,화이트,셔링,7부소매,우븐,무지,,루즈
61821,로맨틱,스트리트,미디,네이비,"플리츠, 프릴",반팔,,무지,,노멀
624070,로맨틱,,니렝스,핑크,"슬릿, 셔링, 리본",반팔,우븐,무지,브이넥,노멀
624875,로맨틱,스트리트,미니,화이트,퍼프,반팔,우븐,,스퀘어넥,노멀
625600,로맨틱,,미니,블랙,,반팔,우븐,플로럴,오프숄더,노멀
626819,로맨틱,,미디,네이비,"리본, 플레어",민소매,우븐,도트,브이넥,노멀
626847,로맨틱,,미디,네이비,"리본, 플레어",민소매,우븐,도트,브이넥,노멀
627018,로맨틱,,미디,화이트,러플,민소매,우븐,도트,브이넥,노멀
627025,로맨틱,,미디,화이트,러플,민소매,우븐,도트,브이넥,노멀
627027,로맨틱,,미디,화이트,러플,민소매,우븐,도트,브이넥,노멀
627030,로맨틱,,미디,화이트,러플,민소매,우븐,도트,브이넥,노멀
627035,로맨틱,,미디,화이트,러플,민소매,우븐,도트,브이넥,노멀
627037,로맨틱,,미디,화이트,러플,민소매,우븐,도트,브이넥,노멀
627040,로맨틱,,미디,화이트,러플,민소매,우븐,도트,브이넥,노멀
627150,로맨틱,,미디,레드,러플,민소매,우븐,도트,브이넥,노멀
628409,로맨틱,페미닌,미니,화이트,플레어,민소매,우븐,무지,,루즈
63262,로맨틱,,발목,와인,"프릴, 플레어",긴팔,시폰,,,노멀
63668,로맨틱,,미디,브라운,퍼프,긴팔,우븐,체크,브이넥,노멀
63679,로맨틱,,미디,브라운,"퍼프, 띠, 리본, 슬릿",긴팔,우븐,체크,,노멀
63681,로맨틱,,미디,브라운,퍼프,긴팔,우븐,체크,브이넥,노멀
64032,로맨틱,,니렝스,민트,셔링,긴팔,벨벳,플로럴,보트넥,노멀
64033,로맨틱,,니렝스,민트,셔링,긴팔,벨벳,플로럴,보트넥,노멀
64034,로맨틱,,니렝스,민트,셔링,긴팔,벨벳,플로럴,보트넥,노멀
64035,로맨틱,,니렝스,민트,셔링,긴팔,벨벳,플로럴,보트넥,노멀
64038,로맨틱,,니렝스,민트,셔링,긴팔,벨벳,플로럴,보트넥,노멀
644634,로맨틱,,미디,베이지,,7부소매,시폰,플로럴,,루즈
644651,로맨틱,,미디,베이지,"띠, 퍼프, 플레어",긴팔,시폰,플로럴,,루즈
644660,로맨틱,,미디,베이지,"띠, 퍼프, 플레어",7부소매,시폰,플로럴,,루즈
645464,로맨틱,,미디,화이트,"퍼프, 셔링",긴팔,우븐,무지,,노멀
645505,로맨틱,,미디,핑크,"단추, 퍼프, 셔링",긴팔,시폰,플로럴,브이넥,노멀
645535,로맨틱,,미디,핑크,"단추, 퍼프, 셔링",긴팔,시폰,플로럴,브이넥,노멀
645729,로맨틱,,발목,라벤더,"퍼프, 플레어",반팔,우븐,무지,브이넥,노멀
645880,로맨틱,,발목,라벤더,"단추, 퍼프",반팔,린넨,무지,브이넥,노멀
645910,로맨틱,페미닌,발목,핑크,셔링,긴팔,시폰,플로럴,,루즈
645989,로맨틱,페미닌,니렝스,퍼플,셔링,반팔,우븐,무지,,루즈
646628,로맨틱,,발목,베이지,,반팔,우븐,무지,라운드넥,루즈
646645,로맨틱,,발목,레드,,긴팔,시폰,플로럴,브이넥,노멀
646947,로맨틱,,발목,핑크,셔링,민소매,,무지,브이넥,루즈
64704,로맨틱,소피스트케이티드,니렝스,블랙,"비즈, 리본",긴팔,우븐,"플로럴, 무지",,노멀
648679,로맨틱,페미닌,미니,핑크,,반팔,니트,무지,,노멀
649022,로맨틱,페미닌,미니,핑크,셔링,반팔,우븐,플로럴,스위트하트,루즈
655056,로맨틱,페미닌,미디,화이트,"셔링, 플레어, 리본",긴팔,시폰,무지,,노멀
655115,로맨틱,,미디,라벤더,"퍼프, 셔링, 플레어",긴팔,우븐,무지,스퀘어넥,노멀
664377,로맨틱,페미닌,발목,블랙,셔링,긴팔,시폰,플로럴,브이넥,노멀
66730,로맨틱,,미디,와인,단추,긴팔,우븐,체크,브이넥,루즈
676663,로맨틱,키치,미디,브라운,"플레어, 퍼프",긴팔,우븐,무지,유넥,노멀
67785,로맨틱,페미닌,미디,화이트,"셔링, 레이스",7부소매,우븐,무지,브이넥,노멀
677902,로맨틱,컨트리,니렝스,화이트,,반팔,우븐,체크,라운드넥,루즈
68015,로맨틱,페미닌,미디,화이트,"셔링, 리본",7부소매,린넨,무지,노카라,루즈
68868,로맨틱,,미디,브라운,"플리츠, 띠",긴팔,울/캐시미어,플로럴,,노멀
690383,로맨틱,리조트,미디,옐로우,셔링,반팔,시폰,플로럴,라운드넥,노멀
690463,로맨틱,,미니,네온,"단추, 플리츠, 레이스, 스트링",7부소매,린넨,무지,유넥,루즈
69060,로맨틱,펑크,발목,블랙,비대칭,긴팔,실크,플로럴,,노멀
69061,로맨틱,펑크,발목,블랙,비대칭,긴팔,실크,플로럴,,노멀
69062,로맨틱,펑크,발목,블랙,비대칭,긴팔,실크,플로럴,,노멀
69067,로맨틱,펑크,발목,블랙,비대칭,긴팔,실크,플로럴,,노멀
69068,로맨틱,,발목,블랙,비대칭,긴팔,실크,플로럴,,노멀
69069,로맨틱,펑크,발목,블랙,비대칭,긴팔,실크,플로럴,,노멀
69070,로맨틱,펑크,발목,블랙,비대칭,긴팔,실크,플로럴,,노멀
69084,로맨틱,컨트리,발목,네이비,,긴팔,울/캐시미어,무지,,노멀
69085,로맨틱,컨트리,발목,네이비,,긴팔,울/캐시미어,무지,,노멀
69086,로맨틱,컨트리,발목,네이비,,긴팔,울/캐시미어,무지,,노멀
69090,로맨틱,컨트리,발목,베이지,,긴팔,울/캐시미어,무지,,노멀
69091,로맨틱,컨트리,발목,베이지,,긴팔,울/캐시미어,무지,,노멀
69092,로맨틱,컨트리,발목,베이지,,긴팔,울/캐시미어,무지,,노멀
6912,로맨틱,,니렝스,핑크,"컷아웃, 플레어",7부소매,"시폰, 우븐",무지,라운드넥,루즈
6915,로맨틱,,니렝스,핑크,"컷아웃, 플레어",7부소매,"시폰, 우븐",무지,라운드넥,루즈
6922,로맨틱,,니렝스,핑크,"컷아웃, 플레어",7부소매,"시폰, 우븐",무지,라운드넥,루즈
6923,로맨틱,,니렝스,핑크,"컷아웃, 플레어",7부소매,"시폰, 우븐",무지,라운드넥,루즈
6924,로맨틱,,니렝스,핑크,"컷아웃, 플레어",7부소매,"시폰, 우븐",무지,라운드넥,루즈
692661,로맨틱,,발목,골드,"셔링, 퍼프",반팔,린넨,무지,브이넥,노멀
69306,로맨틱,,미디,퍼플,"프릴, 플레어",반팔,우븐,,오프숄더,노멀
69307,로맨틱,,미디,퍼플,"프릴, 플레어",반팔,우븐,,오프숄더,노멀
69308,로맨틱,,미디,퍼플,"프릴, 플레어",반팔,우븐,,오프숄더,노멀
69309,로맨틱,,미디,퍼플,"프릴, 플레어",반팔,우븐,,오프숄더,노멀
69460,로맨틱,페미닌,미디,카키,,7부소매,우븐,,스퀘어넥,노멀
69461,로맨틱,페미닌,미디,카키,,7부소매,우븐,,스퀘어넥,노멀
69497,로맨틱,,미디,브라운,,반팔,울/캐시미어,체크,스퀘어넥,노멀
696154,로맨틱,,미니,레드,"러플, 퍼프",캡,우븐,,라운드넥,루즈
700036,로맨틱,페미닌,미니,옐로우,"리본, 프릴, 플레어",민소매,우븐,무지,,노멀
701791,로맨틱,,미니,핑크,리본,반팔,우븐,체크,라운드넥,타이트
702217,로맨틱,,미니,네이비,"프릴, 태슬, 레이스, 셔링",반팔,우븐,무지,스퀘어넥,노멀
704507,로맨틱,,니렝스,스카이블루,셔링,긴팔,우븐,무지,브이넥,노멀
704510,로맨틱,,니렝스,스카이블루,셔링,긴팔,우븐,무지,브이넥,노멀
704567,로맨틱,컨트리,미디,브라운,"띠, 셔링, 러플",긴팔,우븐,체크,,노멀
705600,로맨틱,,미디,옐로우,"리본, 퍼프, 플레어",반팔,우븐,플로럴,라운드넥,노멀
705651,로맨틱,,니렝스,핑크,"러플, 셔링",긴팔,시폰,플로럴,브이넥,루즈
70566,로맨틱,페미닌,미니,화이트,,반팔,레이스,무지,라운드넥,노멀
705660,로맨틱,,니렝스,핑크,"러플, 리본",긴팔,시폰,플로럴,,루즈
705667,로맨틱,모던,미니,블랙,플레어,반팔,우븐,믹스,브이넥,노멀
706074,로맨틱,,미디,핑크,셔링,민소매,우븐,무지,라운드넥,노멀
70671,로맨틱,페미닌,미디,블루,레이스,민소매,실크,무지,브이넥,노멀
70674,로맨틱,페미닌,미디,블루,,민소매,실크,무지,브이넥,루즈
714233,로맨틱,스트리트,발목,화이트,"리본, 셔링",7부소매,우븐,무지,라운드넥,노멀
714339,로맨틱,페미닌,니렝스,베이지,"슬릿, 리본, 퍼프",7부소매,우븐,무지,브이넥,노멀
714341,로맨틱,페미닌,니렝스,베이지,"슬릿, 리본, 퍼프",7부소매,우븐,무지,브이넥,노멀
714350,로맨틱,페미닌,니렝스,베이지,"슬릿, 리본, 퍼프",7부소매,우븐,무지,브이넥,노멀
714360,로맨틱,페미닌,미니,핑크,"셔링, 퍼프",7부소매,우븐,무지,브이넥,타이트
714930,로맨틱,,미디,라벤더,슬릿,반팔,우븐,무지,스퀘어넥,루즈
714950,로맨틱,섹시,니렝스,오렌지,슬릿,민소매,우븐,깅엄,스위트하트,노멀
714960,로맨틱,섹시,니렝스,오렌지,슬릿,민소매,우븐,깅엄,스위트하트,노멀
714970,로맨틱,섹시,니렝스,오렌지,,민소매,우븐,깅엄,,노멀
715093,로맨틱,리조트,니렝스,핑크,플레어,민소매,린넨,무지,라운드넥,루즈
716385,로맨틱,리조트,니렝스,화이트,레이스,반팔,우븐,,,루즈
717810,로맨틱,페미닌,미디,핑크,"셔링, 플레어, 퍼프",7부소매,시폰,플로럴,브이넥,노멀
722537,로맨틱,,니렝스,그레이,셔링,긴팔,우븐,플로럴,터틀넥,노멀
725461,로맨틱,,미니,핑크,"플레어, 러플",긴팔,우븐,무지,,노멀
725726,로맨틱,,미니,핑크,"플레어, 러플",긴팔,우븐,무지,라운드넥,노멀
7339,로맨틱,,미디,베이지,"프릴, 플레어, 단추",반팔,시폰,플로럴,브이넥,노멀
7348,로맨틱,,미디,베이지,"플레어, 셔링",반팔,시폰,플로럴,,노멀
7369,로맨틱,,미디,민트,"셔링, 프릴, 단추",반팔,시폰,플로럴,브이넥,노멀
73979,로맨틱,,미니,베이지,스트링,반팔,우븐,플로럴,오프숄더,노멀
73980,로맨틱,,미니,베이지,스트링,반팔,우븐,플로럴,브이넥,노멀
73981,로맨틱,,미니,베이지,스트링,반팔,우븐,플로럴,브이넥,노멀
73982,로맨틱,,미니,베이지,스트링,반팔,우븐,플로럴,오프숄더,노멀
73983,로맨틱,,미니,베이지,스트링,반팔,우븐,플로럴,브이넥,노멀
740986,로맨틱,,니렝스,핑크,"레이스, 플레어, 퍼프",긴팔,우븐,무지,라운드넥,노멀
742423,로맨틱,,니렝스,핑크,"레이스, 플레어",긴팔,시폰,무지,,노멀
742903,로맨틱,,니렝스,퍼플,"단추, 띠, 버클, 슬릿",긴팔,우븐,무지,,루즈
743830,로맨틱,,니렝스,핑크,"단추, 셔링",긴팔,우븐,무지,브이넥,노멀
744166,로맨틱,,미디,핑크,"리본, 플레어",7부소매,우븐,,라운드넥,노멀
744847,로맨틱,,미디,베이지,"프릴, 띠",긴팔,우븐,무지,,노멀
745801,로맨틱,,미디,핑크,"단추, 퍼프",긴팔,우븐,무지,브이넥,루즈
753341,로맨틱,소피스트케이티드,미니,블랙,"프릴, 레이스, 플레어",긴팔,우븐,무지,,노멀
753858,로맨틱,페미닌,니렝스,브라운,,긴팔,우븐,무지,브이넥,루즈
755080,로맨틱,리조트,발목,베이지,셔링,긴팔,우븐,무지,,루즈
757570,로맨틱,컨트리,발목,옐로우,"프릴, 플레어",긴팔,우븐,플로럴,브이넥,노멀
76347,로맨틱,페미닌,미디,핑크,"리본, 플리츠",반팔,시폰,무지,,노멀
76513,로맨틱,,미디,핑크,"스트링, 셔링",반팔,우븐,무지,브이넥,노멀
76514,로맨틱,,미디,핑크,"스트링, 셔링",반팔,우븐,무지,브이넥,노멀
76515,로맨틱,,미디,핑크,"스트링, 셔링",반팔,우븐,무지,브이넥,노멀
76533,로맨틱,,미디,그린,레이스,반팔,실크,플로럴,,루즈
7702,로맨틱,,미니,블랙,"프릴, 띠",긴팔,실크,그래픽,브이넥,노멀
77026,로맨틱,페미닌,,실버,,반팔,우븐,플로럴,라운드넥,루즈
7703,로맨틱,,미니,블랙,"프릴, 띠",긴팔,실크,그래픽,브이넥,노멀
77030,로맨틱,페미닌,미디,실버,,반팔,우븐,플로럴,라운드넥,루즈
7707,로맨틱,,미니,블랙,"리본, 프릴, 띠",긴팔,실크,그래픽,브이넥,노멀
77236,로맨틱,페미닌,미디,브라운,"셔링, 퍼프",7부소매,우븐,무지,스퀘어넥,노멀
77238,로맨틱,페미닌,미디,브라운,"셔링, 퍼프",7부소매,우븐,무지,스퀘어넥,노멀
77268,로맨틱,페미닌,미디,블랙,"프릴, 플레어, 셔링",긴팔,"우븐, 트위드",무지,,루즈
77492,로맨틱,컨트리,미디,와인,스트링,긴팔,시폰,플로럴,라운드넥,루즈
775864,로맨틱,,미디,실버,띠,민소매,우븐,무지,브이넥,루즈
776020,로맨틱,페미닌,미니,베이지,"리본, 슬릿",긴팔,"저지, 레이스",플로럴,라운드넥,노멀
77660,로맨틱,컨트리,미디,핑크,플리츠,7부소매,니트,,브이넥,루즈
77842,로맨틱,컨트리,미디,레드,플레어,긴팔,시폰,플로럴,,노멀
780600,로맨틱,모던,미니,화이트,"레이스, 자수",반팔,레이스,무지,라운드넥,노멀
78199,로맨틱,컨트리,미디,오렌지,셔링,긴팔,우븐,플로럴,라운드넥,노멀
784368,로맨틱,,미디,네이비,,긴팔,시폰,플로럴,,루즈
785060,로맨틱,컨트리,미디,화이트,"띠, 단추",긴팔,우븐,무지,,노멀
78523,로맨틱,리조트,미디,핑크,"단추, 플리츠",긴팔,우븐,무지,라운드넥,노멀
7858,로맨틱,리조트,발목,레드,"프릴, 띠, 비대칭",긴팔,우븐,그래픽,,노멀
78742,로맨틱,,미디,옐로우,"셔링, 퍼프, 리본",반팔,시폰,플로럴,브이넥,노멀
78744,로맨틱,,미디,옐로우,"셔링, 퍼프, 리본",반팔,시폰,플로럴,브이넥,노멀
78745,로맨틱,,미디,옐로우,"셔링, 퍼프, 리본",반팔,시폰,플로럴,브이넥,노멀
78748,로맨틱,,미디,옐로우,"퍼프, 리본",반팔,시폰,플로럴,,노멀
78750,로맨틱,,미디,옐로우,"셔링, 퍼프, 리본",반팔,시폰,플로럴,브이넥,노멀
78814,로맨틱,페미닌,미디,베이지,"단추, 리본, 퍼프, 플레어",반팔,우븐,무지,브이넥,루즈
78873,로맨틱,스트리트,미디,스카이블루,"플레어, 퍼프, 리본",반팔,우븐,무지,유넥,노멀
78876,로맨틱,스트리트,미디,스카이블루,"플레어, 퍼프",반팔,우븐,무지,유넥,노멀
78877,로맨틱,스트리트,미디,스카이블루,"플레어, 퍼프",반팔,우븐,무지,유넥,노멀
78879,로맨틱,스트리트,미디,스카이블루,"플레어, 퍼프, 리본",반팔,우븐,무지,유넥,노멀
78916,로맨틱,스트리트,미디,스카이블루,"퍼프, 셔링, 자수",반팔,"우븐, 레이스",무지,라운드넥,루즈
78924,로맨틱,스트리트,미디,스카이블루,"퍼프, 셔링, 자수",반팔,"우븐, 레이스",무지,라운드넥,루즈
78926,로맨틱,스트리트,미디,스카이블루,"퍼프, 셔링, 자수",반팔,"우븐, 레이스",무지,라운드넥,루즈
78927,로맨틱,스트리트,미디,스카이블루,"퍼프, 셔링, 자수",반팔,"우븐, 레이스",무지,라운드넥,루즈
78930,로맨틱,스트리트,미디,스카이블루,"퍼프, 프릴, 지퍼",반팔,우븐,무지,브이넥,노멀
78933,로맨틱,스트리트,미디,스카이블루,"퍼프, 프릴, 지퍼",반팔,우븐,무지,브이넥,노멀
78934,로맨틱,스트리트,미디,스카이블루,"퍼프, 프릴, 지퍼",반팔,우븐,무지,브이넥,노멀
78947,로맨틱,스트리트,미디,베이지,"퍼프, 프릴, 셔링",반팔,우븐,무지,브이넥,루즈
78966,로맨틱,,미디,라벤더,"셔링, 퍼프, 플리츠, 단추",반팔,우븐,무지,,노멀
78973,로맨틱,,미디,라벤더,"퍼프, 셔링",반팔,우븐,무지,브이넥,노멀
78993,로맨틱,,미디,스카이블루,"스트링, 셔링",반팔,우븐,무지,스퀘어넥,루즈
78994,로맨틱,,미디,스카이블루,"스트링, 셔링",반팔,우븐,무지,스퀘어넥,루즈
78998,로맨틱,,미디,스카이블루,"스트링, 셔링",반팔,우븐,무지,스퀘어넥,루즈
79028,로맨틱,스트리트,미디,스카이블루,"단추, 셔링",반팔,우븐,무지,브이넥,노멀
79029,로맨틱,스트리트,미디,스카이블루,"단추, 셔링",반팔,우븐,무지,브이넥,노멀
79031,로맨틱,스트리트,미디,스카이블루,"단추, 셔링",반팔,우븐,무지,,노멀
79033,로맨틱,스트리트,미디,스카이블루,"단추, 셔링",반팔,우븐,무지,브이넥,노멀
79037,로맨틱,스트리트,미디,스카이블루,"단추, 셔링",반팔,우븐,무지,브이넥,노멀
79056,로맨틱,,미디,베이지,"퍼프, 단추",반팔,우븐,무지,,노멀
79061,로맨틱,,,베이지,"퍼프, 단추",반팔,우븐,무지,,노멀
79065,로맨틱,,미디,베이지,"퍼프, 단추",반팔,우븐,무지,,노멀
79067,로맨틱,,미디,베이지,"퍼프, 단추",반팔,우븐,무지,,노멀
79070,로맨틱,스트리트,미디,라벤더,"퍼프, 단추, 셔링",반팔,우븐,무지,라운드넥,루즈
79071,로맨틱,스트리트,미디,라벤더,"퍼프, 단추, 셔링",반팔,우븐,무지,라운드넥,루즈
79093,로맨틱,스트리트,발목,베이지,"퍼프, 지퍼, 셔링",반팔,우븐,무지,,루즈
79109,로맨틱,스트리트,발목,스카이블루,"프릴, 플레어, 셔링",반팔,우븐,무지,라운드넥,루즈
79139,로맨틱,페미닌,미디,민트,"셔링, 플레어",반팔,우븐,무지,브이넥,노멀
79161,로맨틱,,발목,핑크,"셔링, 퍼프",반팔,우븐,무지,,노멀
7949,로맨틱,페미닌,미디,와인,"띠, 단추, 셔링",긴팔,시폰,플로럴,브이넥,노멀
7956,로맨틱,페미닌,미디,와인,"띠, 단추, 셔링",긴팔,시폰,플로럴,브이넥,노멀
8014,로맨틱,페미닌,미디,네이비,"띠, 단추",긴팔,시폰,플로럴,브이넥,노멀
8042,로맨틱,스트리트,미디,베이지,"플레어, 단추, 리본",긴팔,시폰,도트,브이넥,노멀
804284,로맨틱,리조트,미디,핑크,,긴팔,우븐,무지,,루즈
805020,로맨틱,,니렝스,화이트,셔링,긴팔,,플로럴,스퀘어넥,노멀
8058,로맨틱,,미디,베이지,"띠, 리본, 퍼프",긴팔,우븐,플로럴,라운드넥,노멀
8059,로맨틱,,미디,베이지,"띠, 리본, 퍼프",긴팔,우븐,플로럴,라운드넥,노멀
8064,로맨틱,,미디,베이지,"띠, 리본, 퍼프",긴팔,우븐,플로럴,라운드넥,노멀
8071,로맨틱,,미디,베이지,"띠, 리본, 퍼프",긴팔,우븐,플로럴,라운드넥,노멀
8073,로맨틱,,미디,블랙,플레어,긴팔,,플로럴,브이넥,노멀
8076,로맨틱,,미디,블랙,플레어,긴팔,,플로럴,브이넥,노멀
8079,로맨틱,,미디,블랙,플레어,긴팔,,플로럴,브이넥,노멀
810440,로맨틱,소피스트케이티드,니렝스,화이트,"비대칭, 플레어, 단추, 슬릿, 스트링",민소매,린넨,스트라이프,,노멀
8109,로맨틱,,미디,베이지,,긴팔,시폰,믹스,브이넥,노멀
8114,로맨틱,,미디,베이지,,긴팔,시폰,믹스,브이넥,노멀
812033,로맨틱,,미니,화이트,플레어,민소매,시폰,플로럴,브이넥,루즈
81460,로맨틱,,발목,핑크,"스트링, 셔링, 퍼프",긴팔,실크,무지,라운드넥,루즈
815255,로맨틱,,니렝스,화이트,"스트링, 태슬",반팔,레이스,무지,브이넥,노멀
816183,로맨틱,스트리트,미니,화이트,,7부소매,우븐,"무지, 스트라이프",라운드넥,노멀
823151,로맨틱,,니렝스,브라운,"띠, 레이스",긴팔,레이스,,,노멀
823161,로맨틱,,니렝스,브라운,"띠, 레이스",긴팔,레이스,,,노멀
8235,로맨틱,,발목,블랙,셔링,긴팔,시폰,플로럴,라운드넥,루즈
8236,로맨틱,,발목,블랙,셔링,긴팔,시폰,플로럴,라운드넥,루즈
823625,로맨틱,페미닌,미니,핑크,리본,긴팔,스웨이드,,브이넥,
823630,로맨틱,페미닌,미니,핑크,리본,긴팔,스웨이드,,브이넥,
823650,로맨틱,페미닌,미니,핑크,리본,긴팔,스웨이드,,브이넥,
8241,로맨틱,,발목,블랙,셔링,긴팔,시폰,플로럴,라운드넥,루즈
8242,로맨틱,,발목,블랙,셔링,긴팔,시폰,플로럴,라운드넥,루즈
8247,로맨틱,,발목,블랙,셔링,긴팔,시폰,플로럴,라운드넥,루즈
825168,로맨틱,모던,미니,블랙,,민소매,우븐,무지,,루즈
825768,로맨틱,,미디,베이지,"레이스, 슬릿",긴팔,저지,무지,라운드넥,노멀
827534,로맨틱,,니렝스,스카이블루,"단추, 레이스, 퍼프",긴팔,우븐,무지,,노멀
827560,로맨틱,,니렝스,스카이블루,"퍼프, 레이스, 단추",긴팔,우븐,무지,,노멀
82783,로맨틱,페미닌,미니,핑크,"러플, 슬릿, 리본",반팔,우븐,무지,라운드넥,노멀
828674,로맨틱,페미닌,미디,브라운,"리본, 러플",긴팔,,믹스,,노멀
83231,로맨틱,,니렝스,핑크,"셔링, 단추",반팔,린넨,무지,브이넥,루즈
83234,로맨틱,,니렝스,핑크,"셔링, 단추",반팔,린넨,무지,브이넥,루즈
83238,로맨틱,,니렝스,핑크,"셔링, 단추",반팔,린넨,무지,브이넥,루즈
83239,로맨틱,,니렝스,핑크,"셔링, 단추",반팔,린넨,무지,브이넥,루즈
83240,로맨틱,,니렝스,핑크,"셔링, 단추",반팔,린넨,무지,브이넥,루즈
83241,로맨틱,,니렝스,핑크,"셔링, 단추",반팔,린넨,무지,브이넥,루즈
83242,로맨틱,,니렝스,핑크,"셔링, 단추",반팔,린넨,무지,브이넥,루즈
83243,로맨틱,,니렝스,핑크,"셔링, 스트링, 리본",반팔,린넨,무지,브이넥,루즈
83247,로맨틱,,니렝스,레드,롤업,반팔,우븐,무지,라운드넥,루즈
83248,로맨틱,,니렝스,레드,롤업,반팔,우븐,무지,라운드넥,루즈
83249,로맨틱,,니렝스,와인,롤업,반팔,우븐,무지,라운드넥,루즈
83406,로맨틱,,니렝스,와인,"리본, 셔링",민소매,우븐,무지,브이넥,루즈
83523,로맨틱,,니렝스,브라운,"셔링, 러플, 단추",긴팔,우븐,플로럴,브이넥,노멀
83529,로맨틱,,니렝스,브라운,"셔링, 러플, 단추",긴팔,우븐,플로럴,브이넥,노멀
83621,로맨틱,,니렝스,네이비,"플리츠, 리본, 컷아웃",긴팔,우븐,무지,라운드넥,노멀
83633,로맨틱,,니렝스,네이비,"셔링, 단추",긴팔,우븐,플로럴,브이넥,노멀
83634,로맨틱,,니렝스,네이비,"셔링, 단추",긴팔,우븐,플로럴,브이넥,노멀
83635,로맨틱,,니렝스,네이비,"셔링, 단추",긴팔,우븐,플로럴,브이넥,노멀
83651,로맨틱,,니렝스,베이지,"프릴, 러플, 스트링, 리본",긴팔,우븐,플로럴,라운드넥,루즈
83652,로맨틱,,니렝스,베이지,"프릴, 러플, 스트링, 리본",긴팔,우븐,플로럴,라운드넥,루즈
83658,로맨틱,,니렝스,베이지,"프릴, 러플, 스트링, 리본",긴팔,우븐,플로럴,라운드넥,루즈
83753,로맨틱,,니렝스,핑크,퍼프,긴팔,우븐,무지,,노멀
837737,로맨틱,,발목,화이트,프릴,민소매,레이스,도트,,루즈
83804,로맨틱,,니렝스,핑크,"단추, 스트링, 리본, 셔링",긴팔,우븐,무지,,노멀
838580,로맨틱,컨트리,미디,퍼플,"프릴, 플레어",긴팔,시폰,그래픽,터틀넥,노멀
838600,로맨틱,컨트리,미디,퍼플,"프릴, 플레어, 비즈",긴팔,시폰,그래픽,터틀넥,노멀
838610,로맨틱,페미닌,미디,화이트,레이스,긴팔,"니트, 레이스",무지,터틀넥,타이트
83915,로맨틱,,니렝스,핑크,"퍼프, 플레어",반팔,우븐,무지,,노멀
84003,로맨틱,,니렝스,레드,"퍼프, 셔링, 단추",반팔,린넨,무지,,노멀
84210,로맨틱,,니렝스,블랙,리본,긴팔,우븐,무지,,루즈
84658,로맨틱,,미디,스카이블루,"단추, 프릴",7부소매,우븐,무지,,루즈
84659,로맨틱,,미디,스카이블루,"단추, 프릴",7부소매,우븐,무지,,루즈
84664,로맨틱,,미디,스카이블루,"단추, 프릴",7부소매,우븐,무지,,루즈
848178,로맨틱,리조트,니렝스,네이비,"셔링, 드롭숄더",7부소매,우븐,체크,라운드넥,오버사이즈
84940,로맨틱,리조트,미디,화이트,"플리츠, 띠",7부소매,시폰,도트,노카라,노멀
849467,로맨틱,섹시,미니,핑크,리본,민소매,저지,무지,스위트하트,타이트
84947,로맨틱,리조트,,화이트,"플리츠, 러플, 띠",7부소매,시폰,도트,노카라,노멀
84952,로맨틱,리조트,미디,화이트,플리츠,7부소매,시폰,무지,노카라,노멀
84966,로맨틱,히피,,카키,플리츠,7부소매,시폰,플로럴,노카라,노멀
85208,로맨틱,페미닌,미디,핑크,플리츠,민소매,니트,무지,브이넥,노멀
852833,로맨틱,페미닌,니렝스,브라운,"리본, 퍼프",긴팔,시폰,플로럴,브이넥,노멀
852913,로맨틱,,니렝스,화이트,레이스,긴팔,레이스,무지,,노멀
85293,로맨틱,리조트,미디,핑크,셔링,반팔,우븐,플로럴,라운드넥,루즈
852930,로맨틱,,니렝스,화이트,레이스,긴팔,레이스,무지,,노멀
85305,로맨틱,리조트,미디,핑크,셔링,반팔,우븐,플로럴,라운드넥,루즈
85306,로맨틱,리조트,미디,핑크,셔링,반팔,우븐,플로럴,라운드넥,루즈
85307,로맨틱,리조트,미디,핑크,셔링,반팔,우븐,플로럴,라운드넥,루즈
85308,로맨틱,리조트,미디,핑크,셔링,반팔,우븐,플로럴,라운드넥,루즈
85309,로맨틱,리조트,미디,핑크,셔링,반팔,우븐,플로럴,라운드넥,루즈
85310,로맨틱,리조트,미디,핑크,셔링,반팔,우븐,플로럴,라운드넥,루즈
853281,로맨틱,,미니,그레이,"플레어, 퍼프",반팔,린넨,무지,브이넥,노멀
854240,로맨틱,,미디,블랙,러플,민소매,스웨이드,무지,브이넥,노멀
858144,로맨틱,,니렝스,브라운,"플레어, 띠, 롤업",반팔,우븐,무지,,노멀
858150,로맨틱,,니렝스,브라운,"플레어, 띠, 롤업",반팔,우븐,무지,,노멀
859479,로맨틱,페미닌,니렝스,네이비,플레어,민소매,저지,무지,브이넥,노멀
860252,로맨틱,스트리트,미디,스카이블루,"슬릿, 플레어",민소매,니트,무지,스퀘어넥,노멀
860584,로맨틱,,미디,브라운,"셔링, 플레어",긴팔,시폰,도트,,노멀
860757,로맨틱,,미디,카키,"러플, 셔링, 리본",긴팔,시폰,페이즐리,,노멀
861033,로맨틱,,니렝스,레드,리본,긴팔,우븐,체크,브이넥,노멀
86270,로맨틱,,발목,화이트,"러플, 플레어",민소매,우븐,무지,브이넥,루즈
86280,로맨틱,,발목,화이트,"러플, 플레어",민소매,우븐,무지,,루즈
86281,로맨틱,,발목,화이트,"러플, 리본",민소매,우븐,무지,,루즈
86282,로맨틱,,발목,화이트,"러플, 리본",민소매,우븐,무지,,루즈
86361,로맨틱,스트리트,미디,그린,플레어,반팔,저지,무지,라운드넥,노멀
864296,로맨틱,,니렝스,화이트,러플,긴팔,시폰,무지,,루즈
864473,로맨틱,,미디,블랙,,민소매,우븐,도트,,루즈
86619,로맨틱,,니렝스,옐로우,플레어,반팔,우븐,,라운드넥,노멀
866998,로맨틱,레트로,미니,핑크,,반팔,우븐,플로럴,브이넥,노멀
867850,로맨틱,페미닌,미디,베이지,"프릴, 플리츠, 스트링",긴팔,시폰,무지,,노멀
868068,로맨틱,스트리트,니렝스,핑크,스트링,반팔,우븐,스트라이프,라운드넥,노멀
868145,로맨틱,페미닌,니렝스,화이트,"플리츠, 퍼프",반팔,우븐,무지,브이넥,노멀
868630,로맨틱,,니렝스,베이지,"프릴, 레이스",반팔,우븐,무지,라운드넥,노멀
869421,로맨틱,,니렝스,레드,러플,반팔,우븐,플로럴,브이넥,노멀
87122,로맨틱,,발목,네이비,셔링,반팔,우븐,플로럴,브이넥,노멀
87128,로맨틱,,발목,네이비,셔링,반팔,우븐,플로럴,브이넥,노멀
87146,로맨틱,,발목,네이비,셔링,반팔,우븐,플로럴,브이넥,노멀
871477,로맨틱,리조트,니렝스,화이트,,7부소매,레이스,무지,유넥,루즈
872042,로맨틱,,미니,화이트,"러플, 셔링",긴팔,시폰,무지,브이넥,루즈
872620,로맨틱,페미닌,미니,화이트,셔링,반팔,니트,무지,라운드넥,노멀
873472,로맨틱,,미디,화이트,셔링,7부소매,시폰,플로럴,브이넥,노멀
874343,로맨틱,페미닌,니렝스,핑크,"러플, 셔링, 퍼프, 단추",긴팔,시폰,플로럴,브이넥,노멀
876399,로맨틱,프레피,미니,핑크,"퍼프, 리본",반팔,우븐,깅엄,,노멀
878617,로맨틱,,니렝스,라벤더,"단추, 셔링",긴팔,시폰,플로럴,브이넥,노멀
879583,로맨틱,,미디,와인,플레어,긴팔,니트,,브이넥,노멀
889896,로맨틱,,미디,핑크,,반팔,,무지,라운드넥,루즈
89275,로맨틱,,미디,블랙,셔링,긴팔,시폰,플로럴,유넥,노멀
89278,로맨틱,,미디,블랙,셔링,긴팔,시폰,플로럴,유넥,노멀
89279,로맨틱,,미디,블랙,셔링,긴팔,우븐,플로럴,유넥,노멀
89284,로맨틱,,미디,블랙,셔링,긴팔,시폰,플로럴,유넥,노멀
89285,로맨틱,,미디,블랙,셔링,긴팔,시폰,플로럴,유넥,노멀
89299,로맨틱,,미디,블랙,셔링,긴팔,시폰,플로럴,유넥,노멀
89402,로맨틱,,미디,옐로우,"플리츠, 셔링, 리본",긴팔,시폰,플로럴,라운드넥,노멀
89430,로맨틱,,미디,그레이,"리본, 셔링",긴팔,시폰,플로럴,라운드넥,노멀
899090,로맨틱,,미니,핑크,"플리츠, 단추",긴팔,우븐,무지,,루즈
906422,로맨틱,스트리트,발목,블랙,셔링,긴팔,시폰,플로럴,라운드넥,루즈
907267,로맨틱,히피,미디,와인,"띠, 리본, 슬릿, 플레어",긴팔,시폰,플로럴,브이넥,노멀
907547,로맨틱,히피,미디,민트,"셔링, 러플, 플레어, 퍼프, 스트링",긴팔,시폰,플로럴,라운드넥,노멀
908277,로맨틱,리조트,미디,화이트,"러플, 드롭웨이스트",긴팔,"우븐, 레이스",플로럴,라운드넥,루즈
909774,로맨틱,,니렝스,핑크,"단추, 리본",민소매,우븐,무지,브이넥,루즈
913860,로맨틱,,니렝스,블루,,반팔,린넨,체크,라운드넥,노멀
914260,로맨틱,,미디,민트,"러플, 비대칭, 리본",민소매,우븐,무지,,루즈
915360,로맨틱,클래식,미디,핑크,,반팔,우븐,무지,,루즈
915771,로맨틱,,니렝스,블랙,플레어,반팔,저지,"무지, 도트",라운드넥,루즈
916136,로맨틱,,미디,블랙,"플레어, 러플",반팔,"우븐, 실크",도트,보트넥,루즈
917305,로맨틱,페미닌,발목,화이트,,반팔,우븐,,라운드넥,루즈
918653,로맨틱,리조트,미디,핑크,"셔링, 플레어",민소매,시폰,플로럴,유넥,오버사이즈
918697,로맨틱,리조트,미디,카키,"플레어, 띠",반팔,린넨,무지,,오버사이즈
919176,로맨틱,,니렝스,베이지,"리본, 띠",반팔,린넨,,브이넥,노멀
91990,로맨틱,,니렝스,스카이블루,퍼프,반팔,우븐,무지,스퀘어넥,노멀
920740,로맨틱,,미디,베이지,,반팔,린넨,무지,라운드넥,루즈
921990,로맨틱,,미니,핑크,단추,민소매,우븐,,스퀘어넥,노멀
928175,로맨틱,페미닌,미니,베이지,"셔링, 스트링",긴팔,니트,,브이넥,루즈
932261,로맨틱,모던,미디,그레이,"리본, 슬릿",긴팔,"저지, 우븐",무지,라운드넥,루즈
932831,로맨틱,,니렝스,네이비,"플리츠, 리본",긴팔,시폰,그래픽,라운드넥,루즈
935855,로맨틱,,미디,블루,"단추, 롤업, 플레어, 스트링, 리본",반팔,우븐,무지,,노멀
936159,로맨틱,페미닌,미디,핑크,"레이스, 셔링",7부소매,시폰,플로럴,브이넥,노멀
937742,로맨틱,페미닌,니렝스,핑크,"리본, 페플럼",민소매,우븐,무지,라운드넥,루즈
938771,로맨틱,,미디,퍼플,"셔링, 띠",7부소매,우븐,무지,,루즈
94256,로맨틱,,미니,네이비,,민소매,우븐,무지,스위트하트,노멀
94467,로맨틱,,니렝스,화이트,셔링,민소매,저지,무지,라운드넥,루즈
946,로맨틱,,,,"러플, 페플럼",,시폰,,브이넥,노멀
96221,로맨틱,컨트리,미디,네이비,프릴,긴팔,,체크,,루즈
96388,로맨틱,리조트,미디,핑크,프릴,긴팔,시폰,무지,라운드넥,루즈
96458,로맨틱,페미닌,미디,핑크,플리츠,긴팔,,플로럴,브이넥,노멀
96459,로맨틱,페미닌,미디,핑크,플리츠,긴팔,,플로럴,브이넥,노멀
96460,로맨틱,페미닌,미디,핑크,플리츠,긴팔,,플로럴,브이넥,노멀
96463,로맨틱,페미닌,미디,핑크,플리츠,긴팔,,플로럴,브이넥,노멀
96736,로맨틱,페미닌,니렝스,화이트,"리본, 플레어",긴팔,"시폰, 트위드",무지,,노멀
96737,로맨틱,페미닌,니렝스,화이트,"리본, 플레어",긴팔,"시폰, 트위드",무지,,노멀
96740,로맨틱,페미닌,니렝스,화이트,"리본, 플레어",긴팔,"시폰, 트위드",무지,,노멀
96785,로맨틱,페미닌,미니,베이지,프릴,긴팔,,플로럴,브이넥,노멀
96882,로맨틱,페미닌,니렝스,스카이블루,"퍼프, 러플",7부소매,시폰,플로럴,브이넥,노멀
96940,로맨틱,페미닌,니렝스,옐로우,"띠, 러플",반팔,시폰,플로럴,브이넥,노멀
96941,로맨틱,페미닌,니렝스,베이지,"띠, 러플",긴팔,시폰,플로럴,브이넥,노멀
96942,로맨틱,페미닌,니렝스,베이지,"띠, 러플",긴팔,시폰,플로럴,브이넥,노멀
96943,로맨틱,페미닌,니렝스,베이지,"띠, 러플",반팔,시폰,플로럴,브이넥,노멀
97016,로맨틱,히피,미니,레드,퍼프,반팔,시폰,믹스,스퀘어넥,노멀
97048,로맨틱,페미닌,미니,블루,"퍼프, 프릴",반팔,시폰,믹스,브이넥,노멀
97059,로맨틱,페미닌,미니,블루,"퍼프, 프릴",반팔,시폰,믹스,브이넥,노멀
97063,로맨틱,페미닌,니렝스,베이지,"러플, 퍼프",긴팔,시폰,플로럴,브이넥,노멀
971722,로맨틱,페미닌,미디,와인,단추,반팔,우븐,무지,브이넥,노멀
971860,로맨틱,스트리트,니렝스,브라운,러플,민소매,니트,무지,유넥,루즈
973810,로맨틱,,니렝스,화이트,"레이스, 플레어",민소매,실크,무지,스위트하트,루즈
975542,로맨틱,,니렝스,핑크,프릴,반팔,우븐,무지,라운드넥,루즈
975551,로맨틱,,니렝스,핑크,프릴,반팔,우븐,무지,라운드넥,루즈
97803,로맨틱,,미니,핑크,셔링,긴팔,우븐,무지,스퀘어넥,타이트
97804,로맨틱,,미니,핑크,셔링,긴팔,우븐,무지,스퀘어넥,타이트
97807,로맨틱,,미니,핑크,셔링,긴팔,우븐,무지,스퀘어넥,타이트
97808,로맨틱,,미니,핑크,셔링,긴팔,우븐,무지,스퀘어넥,타이트
97814,로맨틱,,미니,핑크,셔링,긴팔,우븐,무지,스퀘어넥,타이트
97817,로맨틱,,미니,핑크,셔링,긴팔,우븐,무지,스퀘어넥,타이트
97818,로맨틱,,미니,베이지,셔링,긴팔,우븐,플로럴,브이넥,타이트
97819,로맨틱,,미니,베이지,셔링,긴팔,우븐,플로럴,브이넥,타이트
97820,로맨틱,,미니,베이지,셔링,긴팔,우븐,플로럴,브이넥,타이트
981782,로맨틱,페미닌,니렝스,퍼플,퍼프,반팔,"실크, 우븐",무지,브이넥,루즈
982063,로맨틱,,니렝스,핑크,프릴,반팔,"저지, 우븐",,,노멀
98226,로맨틱,,니렝스,브라운,플리츠,긴팔,저지,플로럴,라운드넥,노멀
982746,로맨틱,,미니,카키,"퍼프, 레이스, 단추",긴팔,"우븐, 레이스",,,루즈
98303,로맨틱,페미닌,니렝스,핑크,레이스,7부소매,레이스,,라운드넥,노멀
98312,로맨틱,페미닌,니렝스,핑크,레이스,7부소매,레이스,,라운드넥,노멀
98313,로맨틱,페미닌,니렝스,핑크,레이스,7부소매,레이스,,라운드넥,노멀
98316,로맨틱,페미닌,니렝스,핑크,레이스,7부소매,레이스,,라운드넥,노멀
985848,로맨틱,,미디,레드,"셔링, 프릴",7부소매,시폰,플로럴,라운드넥,루즈
98605,로맨틱,,미디,블랙,,긴팔,레이스,,,루즈
98607,로맨틱,,미디,블랙,,긴팔,레이스,,,루즈
98610,로맨틱,,미디,블랙,,긴팔,레이스,,,루즈
98695,로맨틱,,미니,화이트,"패치워크, 셔링",7부소매,"우븐, 시폰",무지,,루즈
98737,로맨틱,,니렝스,베이지,"플레어, 셔링",7부소매,우븐,플로럴,브이넥,루즈
98883,로맨틱,,니렝스,골드,프린지,반팔,우븐,,오프숄더,루즈
98915,로맨틱,,미디,베이지,레이스업,7부소매,린넨,,라운드넥,루즈
98916,로맨틱,,미디,베이지,레이스업,7부소매,린넨,,라운드넥,루즈
98917,로맨틱,,미디,베이지,레이스업,7부소매,린넨,,라운드넥,루즈
989537,로맨틱,,미디,베이지,"플레어, 패치워크",긴팔,시폰,플로럴,보트넥,노멀
98955,로맨틱,,니렝스,핑크,프릴,반팔,우븐,무지,브이넥,루즈
98981,로맨틱,,니렝스,카키,셔링,반팔,우븐,무지,라운드넥,루즈
98983,로맨틱,,니렝스,카키,셔링,반팔,우븐,무지,라운드넥,루즈
99410,로맨틱,레트로,미디,퍼플,"퍼프, 플레어, 셔링",긴팔,우븐,플로럴,라운드넥,노멀
99459,로맨틱,리조트,니렝스,스카이블루,"리본, 띠, 슬릿",반팔,우븐,무지,라운드넥,노멀
997985,로맨틱,,니렝스,핑크,리본,반팔,시폰,무지,,루즈
999842,로맨틱,,미디,핑크,"플리츠, 셔링",민소매,시폰,플로럴,브이넥,노멀
1018985,섹시,페미닌,미니,핑크,,민소매,저지,무지,스퀘어넥,타이트
1040557,섹시,,니렝스,베이지,,긴팔,시폰,호피,브이넥,루즈
1044712,섹시,모던,미니,블랙,슬릿,민소매,"우븐, 저지",무지,라운드넥,타이트
1070974,섹시,,미니,블랙,레이스,긴팔,"레이스, 우븐",,터틀넥,노멀
1088141,섹시,리조트,발목,화이트,,민소매,실크,무지,브이넥,루즈
1138335,섹시,스트리트,미니,핑크,띠,민소매,저지,무지,스위트하트,타이트
1158042,섹시,,미니,스카이블루,,반팔,우븐,무지,라운드넥,타이트
1170415,섹시,,니렝스,레드,컷아웃,반팔,우븐,무지,보트넥,노멀
1200924,섹시,스트리트,미니,그레이,,긴팔,저지,무지,오프숄더,타이트
1204750,섹시,페미닌,발목,블랙,,민소매,우븐,무지,오프숄더,타이트
1254603,섹시,,미니,블랙,,긴팔,우븐,무지,오프숄더,타이트
1276333,섹시,,미니,핑크,,민소매,저지,무지,,타이트
1328411,섹시,페미닌,미니,브라운,,긴팔,저지,무지,브이넥,타이트
156200,섹시,,니렝스,실버,"컷아웃, 셔링",긴팔,실크,호피,라운드넥,노멀
1577,섹시,리조트,미디,네이비,"레이스, 슬릿",민소매,저지,무지,브이넥,노멀
16438,섹시,로맨틱,,네이비,슬릿,민소매,레이스,,브이넥,노멀
190462,섹시,모던,니렝스,블랙,,반팔,저지,무지,원숄더,루즈
194069,섹시,소피스트케이티드,미디,블랙,슬릿,민소매,저지,무지,브이넥,노멀
218396,섹시,모던,미디,블랙,"셔링, 퍼프",긴팔,"시폰, 가죽",무지,,루즈
253594,섹시,리조트,미디,화이트,"단추, 플레어",민소매,"시폰, 우븐",무지,스위트하트,노멀
264485,섹시,클래식,미디,브라운,띠,긴팔,저지,무지,,노멀
365015,섹시,리조트,발목,스카이블루,,민소매,실크,무지,스위트하트,루즈
43069,섹시,리조트,미디,블랙,,민소매,"우븐, 실크",무지,스위트하트,루즈
447961,섹시,,미니,블랙,,긴팔,"우븐, 레이스",플로럴,라운드넥,노멀
466040,섹시,페미닌,미니,스카이블루,"셔링, 러플, 플레어, X스트랩",민소매,우븐,무지,노카라,타이트
503116,섹시,,미니,핑크,,민소매,니트,무지,스퀘어넥,타이트
531901,섹시,페미닌,미니,실버,"비대칭, 셔링",긴팔,우븐,무지,브이넥,타이트
542900,섹시,페미닌,니렝스,블랙,"띠, 셔링",7부소매,시폰,호피,라운드넥,타이트
55694,섹시,페미닌,니렝스,블랙,퍼프,긴팔,"니트, 시폰",호피,라운드넥,루즈
60566,섹시,로맨틱,미디,핑크,"스트링, 셔링",7부소매,,도트,브이넥,노멀
61018,섹시,,니렝스,블랙,"슬릿, 비대칭, 컷아웃",민소매,우븐,무지,노카라,타이트
616300,섹시,스트리트,미니,그린,니트꽈베기,긴팔,니트,무지,브이넥,노멀
649881,섹시,,미니,화이트,셔링,긴팔,시폰,호피,브이넥,노멀
684512,섹시,스포티,미니,블랙,,민소매,저지,무지,유넥,타이트
692081,섹시,,미니,블랙,,민소매,우븐,무지,라운드넥,루즈
706164,섹시,,미니,핑크,,반팔,우븐,플로럴,오프숄더,노멀
719644,섹시,,미니,블랙,,반팔,실크,무지,라운드넥,루즈
776057,섹시,페미닌,미니,그레이,레이스,긴팔,니트,,라운드넥,타이트
782480,섹시,모던,니렝스,블랙,레이스,민소매,,,브이넥,타이트
792924,섹시,페미닌,미디,네이비,띠,반팔,저지,플로럴,,노멀
815307,섹시,,니렝스,베이지,"X스트랩, 컷아웃",반팔,저지,무지,라운드넥,노멀
831753,섹시,스트리트,미니,실버,,민소매,저지,무지,유넥,타이트
831875,섹시,,니렝스,블랙,,민소매,저지,무지,유넥,타이트
832700,섹시,,미니,블랙,플레어,긴팔,"레이스, 우븐",,라운드넥,노멀
845040,섹시,리조트,미디,네이비,,긴팔,니트,무지,라운드넥,타이트
86776,섹시,,,핑크,러플,민소매,"니트, 실크, 저지","무지, 도트",라운드넥,타이트
897246,섹시,모던,미니,베이지,비대칭,긴팔,우븐,무지,터틀넥,타이트
913835,섹시,,니렝스,핑크,레이스,반팔,"레이스, 린넨",무지,,노멀
932568,섹시,,미니,레드,,긴팔,니트,무지,터틀넥,타이트
969098,섹시,,미니,그레이,프린지,반팔,"시퀸/글리터, 레이스",,,노멀
101655,소피스트케이티드,,,,,,,,,
1040293,소피스트케이티드,클래식,니렝스,베이지,,7부소매,우븐,무지,라운드넥,루즈
1043090,소피스트케이티드,,미디,스카이블루,,긴팔,우븐,무지,,노멀
1051265,소피스트케이티드,페미닌,미디,카키,"퍼프, 플레어, 비대칭",반팔,우븐,무지,스퀘어넥,타이트
1053942,소피스트케이티드,페미닌,미디,베이지,"퍼프, 플리츠",반팔,우븐,무지,라운드넥,노멀
1071220,소피스트케이티드,페미닌,미니,그레이,,긴팔,시폰,무지,,노멀
1071573,소피스트케이티드,모던,니렝스,블랙,,7부소매,"시폰, 우븐",무지,라운드넥,노멀
1072354,소피스트케이티드,페미닌,니렝스,핑크,리본,반팔,우븐,무지,라운드넥,노멀
1073905,소피스트케이티드,모던,미니,베이지,"단추, 포켓",반팔,우븐,스트라이프,브이넥,타이트
1073910,소피스트케이티드,모던,미니,베이지,"단추, 포켓",반팔,우븐,스트라이프,브이넥,타이트
1073934,소피스트케이티드,모던,니렝스,블랙,"띠, 버클, 리본",반팔,우븐,,브이넥,노멀
1075296,소피스트케이티드,,니렝스,퍼플,"띠, 슬릿",긴팔,시폰,,브이넥,노멀
1075330,소피스트케이티드,,니렝스,골드,"리본, 띠",긴팔,우븐,,,노멀
1075376,소피스트케이티드,,니렝스,블루,플레어,긴팔,"실크, 우븐",,라운드넥,노멀
1076638,소피스트케이티드,페미닌,미디,카키,"리본, 비대칭",7부소매,우븐,,라운드넥,루즈
1077404,소피스트케이티드,,니렝스,그레이,,긴팔,우븐,스트라이프,,노멀
1078275,소피스트케이티드,,미니,오렌지,"단추, 띠",7부소매,우븐,무지,,
1079135,소피스트케이티드,,미니,퍼플,,반팔,우븐,무지,브이넥,노멀
1080836,소피스트케이티드,페미닌,발목,블랙,퍼프,7부소매,우븐,무지,라운드넥,루즈
1080840,소피스트케이티드,페미닌,발목,블랙,퍼프,7부소매,우븐,무지,라운드넥,루즈
1088786,소피스트케이티드,,,핑크,,캡,우븐,무지,,루즈
1101429,소피스트케이티드,,니렝스,블랙,플레어,긴팔,우븐,무지,라운드넥,노멀
1101450,소피스트케이티드,,니렝스,블랙,플레어,7부소매,우븐,무지,라운드넥,노멀
1101460,소피스트케이티드,,미디,블랙,플레어,7부소매,우븐,무지,라운드넥,루즈
1101470,소피스트케이티드,,미디,블랙,플레어,7부소매,우븐,무지,라운드넥,루즈
1106392,소피스트케이티드,페미닌,미디,브라운,띠,긴팔,니트,무지,라운드넥,노멀
1109804,소피스트케이티드,모던,발목,블랙,,긴팔,,무지,,노멀
1116997,소피스트케이티드,,미디,라벤더,슬릿,긴팔,우븐,무지,라운드넥,노멀
111874,소피스트케이티드,모던,미디,레드,단추,민소매,우븐,무지,,노멀
1132198,소피스트케이티드,,발목,핑크,"단추, 셔링, 싱글브레스티드",긴팔,시폰,무지,,루즈
1148488,소피스트케이티드,페미닌,미디,스카이블루,띠,반팔,우븐,무지,보트넥,타이트
1159593,소피스트케이티드,,미니,베이지,"단추, 띠, 버클, 더블브레스티드",반팔,우븐,,브이넥,타이트
117229,소피스트케이티드,클래식,미디,와인,"리본, 플레어, 단추",7부소매,실크,그래픽,라운드넥,노멀
1175920,소피스트케이티드,,니렝스,그린,,반팔,우븐,무지,,노멀
119784,소피스트케이티드,,미니,블루,,긴팔,저지,,라운드넥,타이트
1201168,소피스트케이티드,페미닌,미디,핑크,"프릴, 러플, 셔링, 퍼프, 스트링, 플레어",반팔,우븐,무지,,노멀
1201672,소피스트케이티드,,니렝스,네온,셔링,반팔,우븐,무지,,노멀
1231012,소피스트케이티드,,미디,베이지,단추,긴팔,우븐,무지,,노멀
1233063,소피스트케이티드,로맨틱,니렝스,라벤더,"단추, 플리츠, 퍼프",반팔,우븐,무지,,노멀
1240808,소피스트케이티드,페미닌,미디,그레이,퍼프,긴팔,,무지,라운드넥,노멀
127849,소피스트케이티드,클래식,미디,와인,,긴팔,울/캐시미어,,라운드넥,루즈
1298437,소피스트케이티드,모던,니렝스,화이트,,반팔,우븐,스트라이프,,노멀
1335620,소피스트케이티드,,미니,베이지,"포켓, 단추",반팔,우븐,스트라이프,브이넥,노멀
1339545,소피스트케이티드,페미닌,니렝스,화이트,,7부소매,린넨,플로럴,브이넥,노멀
142095,소피스트케이티드,,,그레이,띠,반팔,우븐,무지,브이넥,노멀
148936,소피스트케이티드,,,스카이블루,리본,7부소매,우븐,,,노멀
15499,소피스트케이티드,,미디,블랙,플레어,긴팔,실크,믹스,,노멀
156457,소피스트케이티드,리조트,미디,블랙,"리본, 띠",긴팔,우븐,무지,라운드넥,루즈
160523,소피스트케이티드,스트리트,미디,베이지,"포켓, 슬릿",민소매,니트,무지,브이넥,루즈
16275,소피스트케이티드,페미닌,미디,베이지,,반팔,니트,,라운드넥,루즈
173,소피스트케이티드,페미닌,니렝스,레드,"띠, 롤업",7부소매,우븐,무지,브이넥,노멀
174,소피스트케이티드,페미닌,니렝스,레드,"띠, 롤업",7부소매,우븐,무지,브이넥,노멀
175474,소피스트케이티드,페미닌,니렝스,그린,"드롭숄더, 러플, 드롭웨이스트",반팔,우븐,무지,유넥,루즈
183003,소피스트케이티드,,발목,그레이,"단추, 셔링",7부소매,우븐,무지,,노멀
185423,소피스트케이티드,스트리트,니렝스,스카이블루,,긴팔,우븐,무지,,루즈
2001,소피스트케이티드,페미닌,니렝스,네이비,비즈,7부소매,우븐,,라운드넥,타이트
2003,소피스트케이티드,페미닌,니렝스,네이비,비즈,7부소매,우븐,,라운드넥,타이트
2004,소피스트케이티드,페미닌,,네이비,비즈,7부소매,우븐,,라운드넥,타이트
2006,소피스트케이티드,페미닌,니렝스,네이비,비즈,7부소매,우븐,,라운드넥,타이트
2007,소피스트케이티드,페미닌,니렝스,네이비,비즈,7부소매,우븐,,라운드넥,타이트
2008,소피스트케이티드,페미닌,니렝스,네이비,"슬릿, 지퍼",7부소매,우븐,,,타이트
2016,소피스트케이티드,페미닌,니렝스,레드,러플,긴팔,우븐,,브이넥,타이트
2018,소피스트케이티드,페미닌,니렝스,레드,러플,긴팔,우븐,,브이넥,타이트
2023,소피스트케이티드,페미닌,니렝스,블랙,러플,긴팔,우븐,무지,브이넥,타이트
2024,소피스트케이티드,페미닌,니렝스,블랙,러플,긴팔,우븐,무지,브이넥,타이트
2025,소피스트케이티드,페미닌,니렝스,블랙,러플,긴팔,우븐,무지,브이넥,타이트
2026,소피스트케이티드,페미닌,니렝스,블랙,"러플, 지퍼, 슬릿",긴팔,우븐,무지,,타이트
2031,소피스트케이티드,페미닌,니렝스,화이트,"띠, 버클, 셔링",긴팔,우븐,무지,브이넥,타이트
2033,소피스트케이티드,페미닌,니렝스,화이트,"띠, 버클, 셔링",긴팔,우븐,무지,브이넥,타이트
2034,소피스트케이티드,페미닌,니렝스,화이트,"띠, 지퍼, 슬릿",긴팔,우븐,무지,,타이트
2035,소피스트케이티드,페미닌,니렝스,화이트,"띠, 버클, 셔링",긴팔,우븐,무지,브이넥,타이트
2037,소피스트케이티드,페미닌,니렝스,스카이블루,"띠, 버클, 셔링",긴팔,우븐,무지,브이넥,타이트
2041,소피스트케이티드,페미닌,니렝스,스카이블루,"띠, 버클, 셔링",긴팔,우븐,무지,브이넥,타이트
2063,소피스트케이티드,페미닌,니렝스,블랙,"띠, 버클",긴팔,우븐,,노카라,타이트
2064,소피스트케이티드,페미닌,니렝스,블랙,"띠, 버클",긴팔,우븐,,노카라,타이트
2095,소피스트케이티드,페미닌,니렝스,화이트,러플,7부소매,우븐,,라운드넥,타이트
2135,소피스트케이티드,페미닌,니렝스,레드,"띠, 버클, 페플럼, 단추",7부소매,우븐,,브이넥,노멀
2137,소피스트케이티드,페미닌,니렝스,레드,"띠, 버클, 페플럼, 단추",7부소매,우븐,,브이넥,노멀
2138,소피스트케이티드,페미닌,니렝스,레드,"띠, 버클, 페플럼, 단추",7부소매,우븐,,브이넥,노멀
2141,소피스트케이티드,페미닌,니렝스,레드,"띠, 버클, 페플럼, 단추",7부소매,우븐,,브이넥,노멀
2142,소피스트케이티드,페미닌,니렝스,레드,,민소매,우븐,,라운드넥,타이트
2143,소피스트케이티드,페미닌,니렝스,레드,,민소매,우븐,,라운드넥,타이트
2145,소피스트케이티드,페미닌,니렝스,레드,,민소매,우븐,,라운드넥,타이트
2152,소피스트케이티드,페미닌,니렝스,레드,,민소매,우븐,,라운드넥,타이트
2153,소피스트케이티드,페미닌,니렝스,블랙,,민소매,우븐,,라운드넥,타이트
2155,소피스트케이티드,페미닌,니렝스,블랙,,민소매,우븐,,라운드넥,타이트
2157,소피스트케이티드,페미닌,니렝스,블랙,,민소매,우븐,,라운드넥,타이트
216888,소피스트케이티드,클래식,미디,민트,,반팔,니트,무지,유넥,노멀
2178,소피스트케이티드,로맨틱,니렝스,핑크,러플,반팔,우븐,,라운드넥,타이트
2181,소피스트케이티드,로맨틱,니렝스,핑크,러플,반팔,우븐,,라운드넥,타이트
218247,소피스트케이티드,클래식,미디,네이비,"버클, 띠, 스티치",반팔,우븐,무지,,노멀
218251,소피스트케이티드,클래식,미디,네이비,"버클, 띠, 스티치",반팔,우븐,무지,,노멀
2185,소피스트케이티드,로맨틱,니렝스,핑크,러플,반팔,우븐,,라운드넥,타이트
2187,소피스트케이티드,로맨틱,니렝스,핑크,러플,반팔,우븐,,라운드넥,타이트
2235,소피스트케이티드,,니렝스,블랙,단추,반팔,우븐,무지,브이넥,노멀
2244,소피스트케이티드,,니렝스,핑크,플레어,민소매,우븐,무지,,노멀
2245,소피스트케이티드,,니렝스,핑크,플레어,민소매,우븐,무지,,노멀
2246,소피스트케이티드,,니렝스,핑크,플레어,민소매,우븐,무지,,노멀
2251,소피스트케이티드,,니렝스,화이트,,반팔,우븐,무지,브이넥,타이트
2252,소피스트케이티드,,니렝스,화이트,,반팔,우븐,무지,브이넥,타이트
2253,소피스트케이티드,,니렝스,화이트,,반팔,우븐,무지,브이넥,타이트
2254,소피스트케이티드,,니렝스,화이트,슬릿,반팔,우븐,무지,브이넥,타이트
2255,소피스트케이티드,,니렝스,화이트,,반팔,우븐,무지,브이넥,타이트
2256,소피스트케이티드,,니렝스,화이트,,반팔,우븐,무지,브이넥,타이트
2262,소피스트케이티드,,니렝스,블랙,,반팔,우븐,무지,브이넥,타이트
2263,소피스트케이티드,,니렝스,블랙,,반팔,우븐,무지,브이넥,타이트
2264,소피스트케이티드,,니렝스,블랙,슬릿,반팔,우븐,무지,브이넥,타이트
2265,소피스트케이티드,,니렝스,블랙,,반팔,우븐,무지,브이넥,타이트
236877,소피스트케이티드,리조트,니렝스,레드,퍼프,반팔,우븐,무지,유넥,노멀
2479,소피스트케이티드,페미닌,미디,화이트,컷아웃,민소매,우븐,무지,보트넥,타이트
2483,소피스트케이티드,페미닌,미디,화이트,컷아웃,민소매,우븐,,보트넥,타이트
2486,소피스트케이티드,페미닌,미디,화이트,"컷아웃, 지퍼, 슬릿",민소매,우븐,,브이넥,타이트
2487,소피스트케이티드,페미닌,미디,블랙,컷아웃,민소매,우븐,,보트넥,타이트
2490,소피스트케이티드,페미닌,미디,블랙,컷아웃,민소매,우븐,,보트넥,타이트
255108,소피스트케이티드,모던,니렝스,블랙,패치워크,반팔,우븐,무지,라운드넥,루즈
266916,소피스트케이티드,클래식,미디,베이지,띠,긴팔,우븐,무지,,루즈
279326,소피스트케이티드,,니렝스,핑크,띠,반팔,우븐,무지,라운드넥,노멀
297640,소피스트케이티드,,발목,화이트,레이스,7부소매,"우븐, 레이스",플로럴,라운드넥,오버사이즈
304504,소피스트케이티드,,니렝스,그린,러플,반팔,우븐,무지,브이넥,루즈
30719,소피스트케이티드,,미디,카키,띠,민소매,린넨,무지,유넥,노멀
30726,소피스트케이티드,,미디,카키,띠,민소매,린넨,무지,유넥,노멀
30727,소피스트케이티드,,미디,카키,띠,민소매,린넨,무지,유넥,노멀
30730,소피스트케이티드,,미디,카키,띠,민소매,린넨,무지,유넥,노멀
30779,소피스트케이티드,페미닌,니렝스,브라운,"띠, 단추",긴팔,,,브이넥,타이트
30804,소피스트케이티드,페미닌,니렝스,카키,"띠, 단추",긴팔,니트,무지,브이넥,노멀
30805,소피스트케이티드,페미닌,니렝스,카키,"띠, 단추",긴팔,니트,무지,브이넥,노멀
30806,소피스트케이티드,페미닌,,카키,"띠, 단추",긴팔,니트,무지,브이넥,노멀
30813,소피스트케이티드,페미닌,니렝스,카키,"띠, 단추",긴팔,니트,무지,브이넥,노멀
311175,소피스트케이티드,페미닌,니렝스,블랙,,7부소매,우븐,"무지, 스트라이프",라운드넥,타이트
332899,소피스트케이티드,페미닌,니렝스,퍼플,"띠, 퍼프",7부소매,우븐,무지,,노멀
334563,소피스트케이티드,,미디,와인,띠,긴팔,니트,무지,,노멀
38726,소피스트케이티드,페미닌,미디,민트,"리본, 띠, 플레어",7부소매,우븐,무지,,노멀
401956,소피스트케이티드,모던,미니,실버,"띠, 롤업",반팔,우븐,무지,브이넥,노멀
417814,소피스트케이티드,컨트리,니렝스,,띠,,우븐,,,노멀
429652,소피스트케이티드,,미디,블랙,스티치,긴팔,,"믹스, 체크",유넥,루즈
446487,소피스트케이티드,리조트,니렝스,레드,포켓,반팔,우븐,"플로럴, 스트라이프, 믹스",라운드넥,오버사이즈
447451,소피스트케이티드,모던,미디,스카이블루,슬릿,긴팔,울/캐시미어,무지,터틀넥,노멀
467537,소피스트케이티드,로맨틱,미디,핑크,"단추, 띠, 버클",민소매,우븐,무지,브이넥,노멀
47605,소피스트케이티드,페미닌,니렝스,민트,,반팔,실크,,보트넥,노멀
47846,소피스트케이티드,페미닌,니렝스,라벤더,"버클, 퍼프",반팔,,,스위트하트,타이트
47853,소피스트케이티드,페미닌,니렝스,라벤더,"버클, 퍼프",반팔,,,스위트하트,타이트
47888,소피스트케이티드,페미닌,니렝스,라벤더,"버클, 슬릿",7부소매,,,라운드넥,노멀
47891,소피스트케이티드,페미닌,니렝스,라벤더,"버클, 슬릿",7부소매,,,라운드넥,노멀
48245,소피스트케이티드,페미닌,니렝스,와인,"단추, 슬릿",긴팔,,,라운드넥,타이트
48254,소피스트케이티드,페미닌,니렝스,와인,"단추, 슬릿",긴팔,,,라운드넥,타이트
48349,소피스트케이티드,페미닌,니렝스,레드,러플,긴팔,시폰,,브이넥,노멀
48457,소피스트케이티드,페미닌,니렝스,화이트,러플,7부소매,실크,,라운드넥,타이트
531760,소피스트케이티드,,미디,와인,띠,긴팔,우븐,무지,,노멀
536964,소피스트케이티드,모던,미디,실버,"띠, 셔링",긴팔,우븐,무지,,노멀
554308,소피스트케이티드,페미닌,니렝스,블랙,러플,긴팔,우븐,무지,라운드넥,노멀
564347,소피스트케이티드,페미닌,니렝스,핑크,"페플럼, 플레어",7부소매,우븐,무지,라운드넥,노멀
585299,소피스트케이티드,,니렝스,블랙,"단추, 셔링, 레이스, 퍼프",7부소매,우븐,무지,,노멀
592042,소피스트케이티드,,니렝스,블랙,,긴팔,저지,무지,,루즈
619145,소피스트케이티드,,미디,화이트,슬릿,긴팔,니트,무지,라운드넥,루즈
625502,소피스트케이티드,,미니,화이트,,반팔,저지,,,타이트
64234,소피스트케이티드,,미디,그레이,"플레어, 플리츠",민소매,우븐,체크,브이넥,노멀
67276,소피스트케이티드,로맨틱,미니,블랙,"퍼프, 러플, 단추",긴팔,우븐,무지,,타이트
681670,소피스트케이티드,스트리트,미디,레드,셔링,반팔,우븐,무지,,노멀
690498,소피스트케이티드,,미니,베이지,,7부소매,우븐,무지,브이넥,노멀
717972,소피스트케이티드,,미디,라벤더,퍼프,긴팔,레이스,무지,라운드넥,노멀
738152,소피스트케이티드,컨트리,미디,화이트,드롭숄더,긴팔,니트,,터틀넥,루즈
744366,소피스트케이티드,스트리트,미디,화이트,슬릿,7부소매,우븐,,,노멀
750072,소피스트케이티드,스트리트,미디,퍼플,"버클, 단추, 슬릿",긴팔,우븐,무지,,루즈
7777,소피스트케이티드,,미디,와인,,긴팔,우븐,체크,브이넥,타이트
7784,소피스트케이티드,,미디,블랙,,긴팔,우븐,체크,브이넥,타이트
7785,소피스트케이티드,,미디,블랙,,긴팔,우븐,체크,브이넥,타이트
7917,소피스트케이티드,,미디,브라운,,긴팔,우븐,체크,브이넥,노멀
7918,소피스트케이티드,,미디,브라운,,긴팔,우븐,체크,브이넥,노멀
7921,소피스트케이티드,,미디,브라운,,긴팔,우븐,체크,브이넥,노멀
793141,소피스트케이티드,로맨틱,니렝스,블랙,"러플, 플레어",반팔,저지,지브라,,타이트
81012,소피스트케이티드,,니렝스,화이트,슬릿,긴팔,우븐,깅엄,브이넥,노멀
814782,소피스트케이티드,,니렝스,베이지,러플,반팔,저지,무지,라운드넥,타이트
834702,소피스트케이티드,,미디,스카이블루,스트링,긴팔,니트,무지,,노멀
841540,소피스트케이티드,클래식,미디,베이지,"비대칭, 띠",긴팔,우븐,무지,,타이트
844965,소피스트케이티드,,미디,브라운,띠,긴팔,니트,무지,라운드넥,타이트
846519,소피스트케이티드,페미닌,니렝스,블랙,,긴팔,니트,무지,라운드넥,타이트
852904,소피스트케이티드,,니렝스,화이트,단추,긴팔,우븐,그래픽,,노멀
863222,소피스트케이티드,모던,맥시,민트,플리츠,7부소매,우븐,무지,브이넥,루즈
877494,소피스트케이티드,페미닌,미디,실버,,7부소매,우븐,그래픽,라운드넥,노멀
879728,소피스트케이티드,클래식,맥시,퍼플,더블브레스티드,긴팔,우븐,무지,,루즈
880243,소피스트케이티드,페미닌,니렝스,카키,"띠, 리본",긴팔,우븐,무지,브이넥,루즈
885815,소피스트케이티드,모던,니렝스,와인,띠,긴팔,우븐,무지,,노멀
893499,소피스트케이티드,,니렝스,블랙,"플리츠, 띠",7부소매,우븐,무지,,타이트
900963,소피스트케이티드,페미닌,미디,핑크,드롭숄더,반팔,"니트, 울/캐시미어",무지,브이넥,노멀
916342,소피스트케이티드,,미디,핑크,"단추, 버클, 띠",반팔,우븐,무지,,노멀
919199,소피스트케이티드,,니렝스,베이지,플레어,민소매,"우븐, 린넨",,라운드넥,노멀
919643,소피스트케이티드,,미디,그레이,리본,반팔,우븐,그래픽,라운드넥,루즈
932291,소피스트케이티드,,니렝스,오렌지,띠,긴팔,니트,스트라이프,터틀넥,타이트
938151,소피스트케이티드,페미닌,니렝스,브라운,"버클, 띠, 플레어, 셔링, 롤업",반팔,우븐,무지,브이넥,루즈
938975,소피스트케이티드,,맥시,카키,버클,긴팔,우븐,무지,유넥,루즈
941071,소피스트케이티드,,미디,블랙,"슬릿, 플리츠",민소매,네오프렌,무지,브이넥,노멀
944182,소피스트케이티드,페미닌,발목,브라운,"단추, 띠, 버클, 플리츠",긴팔,우븐,무지,라운드넥,노멀
947314,소피스트케이티드,모던,미디,네이비,"단추, 리본",긴팔,,무지,,노멀
952548,소피스트케이티드,,니렝스,브라운,"띠, 리본",긴팔,울/캐시미어,체크,터틀넥,노멀
971239,소피스트케이티드,페미닌,미니,베이지,"리본, 셔링",긴팔,우븐,무지,,노멀
973951,소피스트케이티드,컨트리,미디,화이트,"단추, 포켓, 스트링",민소매,린넨,무지,노카라,노멀
975385,소피스트케이티드,,니렝스,네이비,"띠, 리본, 프릴",반팔,우븐,무지,,노멀
987023,소피스트케이티드,리조트,니렝스,그레이,"리본, 프릴",7부소매,저지,"플로럴, 무지",라운드넥,노멀
1038644,스포티,,니렝스,베이지,"포켓, 스티치",긴팔,저지,레터링,후드,루즈
1044631,스포티,스트리트,미니,퍼플,,민소매,저지,무지,유넥,타이트
1072683,스포티,,미니,스카이블루,"포켓, 슬릿",반팔,저지,무지,후드,루즈
112975,스포티,스트리트,미니,카키,"스트링, 지퍼",긴팔,니트,아가일,후드,노멀
1158734,스포티,리조트,미디,핑크,단추,7부소매,우븐,무지,,루즈
1176689,스포티,,니렝스,그레이,지퍼,긴팔,저지,무지,후드,노멀
1200948,스포티,스트리트,미니,레드,,반팔,저지,무지,,타이트
1235886,스포티,모던,미디,베이지,"롤업, 스트링",반팔,우븐,무지,라운드넥,루즈
1254634,스포티,리조트,미디,그레이,,긴팔,저지,무지,후드,루즈
1274400,스포티,,미디,민트,슬릿,긴팔,저지,무지,후드,오버사이즈
1312249,스포티,,발목,그레이,리본,긴팔,저지,무지,후드,노멀
133279,스포티,로맨틱,발목,퍼플,"드롭숄더, 지퍼, 러플",긴팔,저지,무지,,루즈
251676,스포티,로맨틱,미디,그레이,,긴팔,저지,무지,후드,노멀
264176,스포티,리조트,미디,브라운,"셔링, 스트링",반팔,우븐,그래픽,,루즈
321365,스포티,키치,미디,핑크,,긴팔,저지,무지,후드,루즈
332549,스포티,아방가르드,미디,그레이,"스트링, 러플, 비대칭, 드롭숄더",긴팔,저지,무지,후드,루즈
423068,스포티,스트리트,미디,화이트,"스트링, 슬릿, 셔링",반팔,저지,"무지, 레터링",브이넥,루즈
423428,스포티,스트리트,미디,블랙,"지퍼, 플레어",반팔,우븐,무지,후드,루즈
446666,스포티,스트리트,미니,네이비,"스트링, 리본",캡,저지,무지,브이넥,노멀
451230,스포티,,미디,오렌지,드롭웨이스트,반팔,우븐,레터링,라운드넥,루즈
453814,스포티,리조트,미니,블루,"리본, 셔링, 포켓",민소매,저지,,브이넥,노멀
466333,스포티,,니렝스,블랙,비대칭,민소매,저지,"레터링, 무지",라운드넥,노멀
469367,스포티,로맨틱,미니,골드,"지퍼, 플레어",긴팔,저지,레터링,,노멀
470865,스포티,로맨틱,미디,블랙,"지퍼, 러플, 드롭숄더",긴팔,저지,,터틀넥,루즈
473367,스포티,스트리트,미디,핑크,"스트링, 지퍼",7부소매,저지,,,루즈
474290,스포티,스트리트,미디,핑크,,긴팔,저지,무지,후드,루즈
474347,스포티,스트리트,발목,스카이블루,,민소매,저지,무지,,오버사이즈
474460,스포티,스트리트,미디,그레이,드롭숄더,긴팔,저지,그래픽,라운드넥,루즈
474491,스포티,스트리트,발목,그린,,민소매,저지,무지,,오버사이즈
474549,스포티,스트리트,미디,그레이,드롭숄더,긴팔,저지,레터링,후드,루즈
474600,스포티,스트리트,니렝스,블랙,,긴팔,저지,무지,후드,루즈
474612,스포티,스트리트,발목,그레이,,긴팔,저지,무지,후드,루즈
474622,스포티,스트리트,발목,그레이,,긴팔,저지,무지,후드,루즈
474673,스포티,스트리트,맥시,퍼플,드롭숄더,긴팔,저지,무지,후드,오버사이즈
474680,스포티,스트리트,맥시,퍼플,드롭숄더,긴팔,저지,무지,후드,오버사이즈
474822,스포티,스트리트,발목,카키,드롭숄더,긴팔,저지,그래픽,라운드넥,노멀
533266,스포티,,미니,레드,,반팔,,무지,,노멀
545523,스포티,스트리트,미니,블랙,포켓,캡,저지,무지,터틀넥,노멀
660774,스포티,스트리트,니렝스,그레이,,긴팔,우븐,레터링,브이넥,루즈
675502,스포티,스트리트,미니,옐로우,"지퍼, 셔링, 스트링",긴팔,저지,"플로럴, 레터링",라운드넥,노멀
684495,스포티,스트리트,미니,화이트,,민소매,저지,스트라이프,유넥,타이트
684808,스포티,리조트,미니,블랙,,민소매,저지,무지,유넥,타이트
72321,스포티,스트리트,,네온,슬릿,반팔,린넨,"레터링, 그래픽",라운드넥,노멀
735151,스포티,스트리트,미니,그레이,"플레어, 비대칭",긴팔,저지,무지,라운드넥,오버사이즈
739961,스포티,,미디,브라운,,긴팔,저지,,,노멀
79286,스포티,,니렝스,브라운,슬릿,긴팔,저지,무지,라운드넥,오버사이즈
79403,스포티,스트리트,니렝스,그레이,"슬릿, 스티치",긴팔,저지,무지,라운드넥,루즈
814937,스포티,스트리트,미디,블랙,,반팔,우븐,그래픽,라운드넥,노멀
841639,스포티,,미디,베이지,스트링,긴팔,저지,무지,후드,오버사이즈
865411,스포티,스트리트,미디,블루,슬릿,7부소매,,레터링,라운드넥,루즈
880720,스포티,,니렝스,베이지,슬릿,긴팔,저지,무지,후드,노멀
890217,스포티,,니렝스,그레이,,캡,저지,무지,라운드넥,노멀
896495,스포티,스트리트,미니,그레이,"퍼프, 플레어",긴팔,저지,무지,라운드넥,루즈
956850,스포티,스트리트,미디,블랙,"스트링, 슬릿",긴팔,우븐,무지,후드,루즈
1000617,아방가르드,,발목,레드,,7부소매,우븐,,브이넥,오버사이즈
1075218,아방가르드,로맨틱,니렝스,실버,"프릴, 러플, 플레어, 드롭숄더",긴팔,저지,무지,라운드넥,
1075973,아방가르드,,맥시,블랙,리본,반팔,우븐,그래픽,브이넥,노멀
1150349,아방가르드,클래식,미디,블랙,"스트링, 플레어",긴팔,우븐,,,노멀
1201870,아방가르드,모던,니렝스,베이지,플레어,반팔,우븐,무지,브이넥,루즈
1241602,아방가르드,리조트,미디,스카이블루,"스티치, 슬릿, 드롭숄더",반팔,우븐,무지,브이넥,루즈
12676,아방가르드,,발목,화이트,"퍼프, 컷아웃",반팔,우븐,플로럴,라운드넥,노멀
1299460,아방가르드,,미디,블랙,,민소매,우븐,,라운드넥,루즈
1307224,아방가르드,,발목,브라운,,긴팔,우븐,무지,브이넥,노멀
154476,아방가르드,,발목,화이트,"슬릿, 패치워크",7부소매,"저지, 우븐","레터링, 스트라이프",라운드넥,타이트
184496,아방가르드,모던,미디,스카이블루,,반팔,우븐,무지,,오버사이즈
195314,아방가르드,모던,발목,화이트,"띠, 플레어, 비대칭, 단추",긴팔,우븐,"스트라이프, 믹스",브이넥,노멀
239100,아방가르드,페미닌,미디,블루,"셔링, 리본, 단추",반팔,,무지,,루즈
40584,아방가르드,,미디,블랙,,7부소매,"우븐, 니트","스트라이프, 믹스",,루즈
429551,아방가르드,,니렝스,브라운,,긴팔,,믹스,브이넥,루즈
446789,아방가르드,스트리트,발목,레드,러플,긴팔,우븐,무지,브이넥,오버사이즈
468278,아방가르드,로맨틱,발목,블랙,"드롭숄더, 드롭웨이스트, 러플",긴팔,우븐,"무지, 도트",라운드넥,오버사이즈
471396,아방가르드,모던,니렝스,블랙,,7부소매,저지,,유넥,노멀
531946,아방가르드,모던,발목,네이비,"포켓, 띠",긴팔,우븐,무지,라운드넥,루즈
552719,아방가르드,리조트,니렝스,브라운,레이스,반팔,우븐,무지,라운드넥,오버사이즈
554330,아방가르드,스트리트,미니,스카이블루,"패치워크, 프릴",긴팔,우븐,믹스,,노멀
556312,아방가르드,스트리트,니렝스,그레이,"비대칭, 패치워크",캡,저지,무지,유넥,루즈
564384,아방가르드,모던,니렝스,화이트,,7부소매,우븐,믹스,라운드넥,노멀
566313,아방가르드,,미니,민트,"단추, 싱글브레스티드",반팔,시폰,페이즐리,,루즈
566348,아방가르드,,맥시,블랙,리본,긴팔,시폰,그래픽,라운드넥,루즈
570970,아방가르드,페미닌,미니,블랙,,긴팔,"우븐, 울/캐시미어","무지, 호피",터틀넥,루즈
579502,아방가르드,모던,미디,민트,비대칭,7부소매,린넨,무지,,노멀
580937,아방가르드,,니렝스,그린,플레어,반팔,우븐,무지,,오버사이즈
591076,아방가르드,스트리트,니렝스,그레이,플레어,긴팔,저지,무지,유넥,루즈
598377,아방가르드,모던,미디,그레이,비대칭,긴팔,우븐,무지,라운드넥,루즈
63542,아방가르드,페미닌,미디,레드,"플리츠, 리본",긴팔,시폰,믹스,,
692132,아방가르드,,니렝스,화이트,,7부소매,린넨,스트라이프,노카라,오버사이즈
792564,아방가르드,모던,미니,스카이블루,"컷아웃, 패치워크",7부소매,우븐,"무지, 체크",브이넥,노멀
837528,아방가르드,,미디,블랙,,7부소매,"우븐, 레이스",레터링,라운드넥,루즈
940015,아방가르드,로맨틱,발목,베이지,"플레어, 셔링",긴팔,"시폰, 우븐",무지,,노멀
974085,아방가르드,섹시,미니,스카이블루,"비대칭, 컷아웃",긴팔,우븐,"체크, 무지",,노멀
101346,젠더리스,,발목,브라운,"띠, 버클",긴팔,울/캐시미어,,노카라,노멀
360423,젠더리스,,맥시,그린,"리본, 단추",반팔,,무지,,루즈
583227,젠더리스,,,네이비,단추,긴팔,,무지,,루즈
583463,젠더리스,,니렝스,핑크,드롭숄더,긴팔,벨벳,무지,후드,
597914,젠더리스,,발목,네이비,,민소매,우븐,무지,스퀘어넥,루즈
1000129,클래식,페미닌,니렝스,베이지,"단추, 스트링",긴팔,우븐,무지,,루즈
1014724,클래식,페미닌,미디,카키,"셔링, 플리츠, 퍼프",긴팔,우븐,체크,라운드넥,노멀
1016724,클래식,페미닌,미디,카키,플레어,긴팔,우븐,체크,라운드넥,타이트
1029476,클래식,로맨틱,니렝스,블랙,셔링,긴팔,"우븐, 시폰",,브이넥,노멀
1031124,클래식,리조트,미디,화이트,,민소매,,무지,,루즈
1036788,클래식,,니렝스,브라운,"띠, 롤업",반팔,우븐,무지,브이넥,노멀
1054671,클래식,,니렝스,그레이,"띠, 버클",긴팔,우븐,체크,터틀넥,노멀
1057066,클래식,,니렝스,브라운,띠,긴팔,우븐,체크,,노멀
106791,클래식,,니렝스,베이지,"더블브레스티드, 플레어",반팔,우븐,무지,,노멀
1071,클래식,페미닌,미디,,페플럼,,네오프렌,무지,라운드넥,루즈
1072076,클래식,,니렝스,라벤더,,긴팔,우븐,스트라이프,,오버사이즈
1074368,클래식,페미닌,니렝스,베이지,드롭숄더,긴팔,니트,무지,터틀넥,노멀
1076,클래식,페미닌,미디,,페플럼,,네오프렌,무지,라운드넥,루즈
1077604,클래식,리조트,발목,그레이,,7부소매,네오프렌,무지,라운드넥,오버사이즈
1077815,클래식,,미디,실버,"퍼프, 플리츠",반팔,우븐,"무지, 체크",,노멀
1098065,클래식,,니렝스,블랙,,긴팔,"우븐, 레이스",무지,브이넥,노멀
1099542,클래식,페미닌,미디,화이트,,긴팔,우븐,,라운드넥,노멀
1105303,클래식,페미닌,니렝스,네이비,"단추, 드롭숄더",긴팔,코듀로이,,,
1106475,클래식,페미닌,미디,브라운,"단추, 포켓",긴팔,니트,무지,,노멀
1107670,클래식,,미디,브라운,"단추, 띠",7부소매,우븐,무지,,노멀
1108379,클래식,페미닌,미디,블랙,드롭숄더,긴팔,,스트라이프,라운드넥,루즈
1119960,클래식,,니렝스,베이지,띠,긴팔,우븐,무지,,노멀
1131095,클래식,,니렝스,와인,"단추, 리본, 슬릿",긴팔,우븐,,,노멀
115024,클래식,,미디,카키,슬릿,민소매,니트,무지,터틀넥,노멀
115500,클래식,페미닌,미디,브라운,"포켓, 리본, 띠",긴팔,우븐,무지,브이넥,루즈
115751,클래식,페미닌,미디,브라운,"리본, 포켓, 단추",긴팔,우븐,무지,,노멀
116083,클래식,페미닌,미디,레드,"단추, 리본, 슬릿",긴팔,우븐,무지,노카라,노멀
1163071,클래식,스트리트,미니,브라운,,긴팔,우븐,체크,,노멀
1166442,클래식,프레피,미니,네이비,단추,긴팔,우븐,체크,라운드넥,노멀
1180903,클래식,페미닌,니렝스,화이트,단추,7부소매,우븐,스트라이프,,노멀
1181849,클래식,페미닌,미디,화이트,"퍼프, 포켓",긴팔,우븐,무지,,루즈
1182265,클래식,스트리트,니렝스,화이트,"셔링, 포켓",7부소매,우븐,체크,,루즈
1182359,클래식,스트리트,니렝스,네온,롤업,7부소매,우븐,레터링,,루즈
1183055,클래식,모던,니렝스,화이트,띠,긴팔,우븐,무지,,루즈
1184,클래식,,니렝스,그레이,포켓,민소매,울/캐시미어,체크,브이넥,노멀
1186,클래식,,니렝스,그레이,포켓,민소매,울/캐시미어,체크,브이넥,노멀
1195,클래식,페미닌,니렝스,블랙,,긴팔,,체크,라운드넥,노멀
1198,클래식,페미닌,니렝스,블랙,,긴팔,,체크,라운드넥,노멀
1232329,클래식,,니렝스,브라운,스트링,반팔,우븐,무지,,루즈
123523,클래식,모던,니렝스,베이지,"러플, 퍼프, 슬릿",7부소매,우븐,,라운드넥,노멀
123524,클래식,모던,니렝스,베이지,"러플, 퍼프, 슬릿",7부소매,우븐,,라운드넥,노멀
123525,클래식,모던,니렝스,베이지,"러플, 퍼프",7부소매,우븐,,라운드넥,노멀
123529,클래식,모던,니렝스,베이지,"러플, 퍼프",7부소매,우븐,,라운드넥,노멀
123530,클래식,모던,니렝스,베이지,"퍼프, 러플",7부소매,우븐,,라운드넥,노멀
123531,클래식,모던,니렝스,베이지,"퍼프, 러플",7부소매,우븐,,라운드넥,노멀
123532,클래식,모던,니렝스,블랙,러플,7부소매,우븐,,라운드넥,노멀
123533,클래식,모던,니렝스,블랙,"퍼프, 러플, 슬릿",7부소매,우븐,,라운드넥,노멀
123534,클래식,모던,니렝스,블랙,"퍼프, 러플",7부소매,우븐,,라운드넥,노멀
123535,클래식,모던,니렝스,블랙,러플,7부소매,우븐,,,노멀
123536,클래식,모던,니렝스,블랙,"퍼프, 러플",7부소매,우븐,,라운드넥,노멀
1235976,클래식,페미닌,발목,베이지,플레어,7부소매,우븐,무지,,노멀
123635,클래식,페미닌,니렝스,화이트,,긴팔,트위드,무지,유넥,노멀
1254761,클래식,리조트,미디,그레이,,긴팔,우븐,체크,,루즈
1307072,클래식,,미디,핑크,"띠, 버클",7부소매,우븐,무지,,노멀
1317963,클래식,소피스트케이티드,니렝스,베이지,슬릿,반팔,우븐,무지,,오버사이즈
1336,클래식,소피스트케이티드,니렝스,베이지,포켓,민소매,우븐,무지,라운드넥,노멀
1345291,클래식,페미닌,미디,와인,,긴팔,저지,,브이넥,타이트
1346486,클래식,페미닌,맥시,브라운,,긴팔,"울/캐시미어, 니트",,라운드넥,노멀
144917,클래식,모던,미디,블랙,"리본, 레이스업",긴팔,니트,무지,터틀넥,루즈
156704,클래식,페미닌,미디,베이지,"단추, 띠, 슬릿",긴팔,우븐,무지,,노멀
164358,클래식,페미닌,니렝스,베이지,더블브레스티드,민소매,우븐,무지,브이넥,노멀
168241,클래식,페미닌,미디,카키,"리본, 플레어",긴팔,울/캐시미어,무지,라운드넥,노멀
175,클래식,,니렝스,브라운,"롤업, 슬릿, 싱글브레스티드",7부소매,우븐,무지,브이넥,노멀
181185,클래식,페미닌,발목,브라운,"포켓, 띠, 슬릿",긴팔,우븐,무지,,노멀
1866,클래식,페미닌,미디,베이지,"단추, 셔링, 러플",반팔,우븐,무지,브이넥,노멀
194952,클래식,페미닌,미니,레드,더블브레스티드,긴팔,우븐,무지,,타이트
195948,클래식,,니렝스,블랙,"띠, 단추",민소매,우븐,체크,,노멀
196897,클래식,모던,,베이지,"더블브레스티드, 버클",긴팔,우븐,무지,브이넥,노멀
198948,클래식,모던,미디,실버,"띠, 단추",민소매,우븐,스트라이프,,노멀
208374,클래식,페미닌,니렝스,레드,"셔링, 포켓",7부소매,우븐,,라운드넥,노멀
219313,클래식,모던,미디,네이비,,긴팔,우븐,무지,,노멀
222998,클래식,소피스트케이티드,니렝스,화이트,"단추, 슬릿",7부소매,트위드,,보트넥,노멀
229181,클래식,,니렝스,블랙,플레어,7부소매,우븐,무지,라운드넥,노멀
236976,클래식,,니렝스,그레이,,7부소매,트위드,,라운드넥,노멀
237507,클래식,페미닌,니렝스,블랙,플레어,긴팔,트위드,체크,라운드넥,노멀
2435,클래식,로맨틱,미디,민트,"스터드, 띠, 버클",긴팔,우븐,카무플라쥬,,루즈
2438,클래식,로맨틱,미디,민트,"스터드, 띠, 버클",긴팔,우븐,카무플라쥬,,루즈
2439,클래식,로맨틱,미디,민트,"스터드, 띠, 버클",긴팔,우븐,카무플라쥬,,루즈
2440,클래식,로맨틱,미디,민트,"스터드, 띠, 버클",긴팔,우븐,카무플라쥬,,루즈
255226,클래식,모던,미디,민트,"단추, 리본, 롤업",긴팔,우븐,무지,,노멀
2697,클래식,,니렝스,그레이,프린지,반팔,트위드,,라운드넥,루즈
301,클래식,로맨틱,미니,그레이,퍼프,긴팔,"우븐, 레이스",체크,라운드넥,루즈
311205,클래식,소피스트케이티드,니렝스,블랙,"비즈, 슬릿, 플레어",7부소매,트위드,,유넥,타이트
333068,클래식,모던,니렝스,베이지,띠,7부소매,"우븐, 가죽",무지,,타이트
35971,클래식,모던,미디,블랙,플레어,긴팔,우븐,무지,,노멀
365521,클래식,로맨틱,미디,브라운,,긴팔,우븐,무지,,노멀
372265,클래식,소피스트케이티드,미디,베이지,플레어,민소매,우븐,무지,,노멀
401435,클래식,,니렝스,브라운,"스트링, 포켓",긴팔,우븐,무지,,노멀
417788,클래식,모던,니렝스,,롤업,,우븐,무지,,루즈
42869,클래식,페미닌,미니,그레이,단추,7부소매,트위드,,라운드넥,루즈
44549,클래식,,미니,화이트,,긴팔,트위드,체크,라운드넥,노멀
468158,클래식,페미닌,미디,네이비,"포켓, 드롭숄더",긴팔,우븐,무지,유넥,루즈
47157,클래식,컨트리,니렝스,그레이,,7부소매,,체크,라운드넥,루즈
47522,클래식,소피스트케이티드,니렝스,그린,셔링,민소매,,,,타이트
47714,클래식,페미닌,니렝스,화이트,,민소매,,,브이넥,타이트
47731,클래식,페미닌,니렝스,핑크,,민소매,,,브이넥,타이트
47733,클래식,페미닌,니렝스,화이트,,민소매,,,브이넥,타이트
47903,클래식,페미닌,니렝스,와인,"퍼프, 비즈",7부소매,,,라운드넥,노멀
48288,클래식,페미닌,니렝스,베이지,단추,긴팔,,,브이넥,노멀
48448,클래식,페미닌,니렝스,블랙,버클,7부소매,실크,,,노멀
516077,클래식,,미니,베이지,"단추, 슬릿",반팔,저지,,,노멀
531874,클래식,로맨틱,미디,브라운,"퍼프, 드롭숄더",긴팔,우븐,무지,라운드넥,오버사이즈
547208,클래식,페미닌,미니,와인,"플리츠, 레이스",민소매,시폰,무지,터틀넥,루즈
550027,클래식,,미니,와인,,민소매,니트,무지,터틀넥,노멀
551312,클래식,,미니,베이지,,긴팔,울/캐시미어,,,노멀
551715,클래식,페미닌,미니,화이트,"프릴, 러플",긴팔,트위드,하운즈 투스,라운드넥,노멀
560712,클래식,,미니,블랙,"단추, 페플럼",긴팔,"우븐, 울/캐시미어",,,노멀
564518,클래식,,니렝스,실버,단추,긴팔,비닐/PVC,무지,,노멀
569862,클래식,모던,미니,블랙,,긴팔,저지,,보트넥,루즈
570503,클래식,페미닌,미니,실버,"리본, 셔링",7부소매,우븐,체크,라운드넥,루즈
574370,클래식,모던,미니,블루,포켓,7부소매,우븐,체크,,루즈
577674,클래식,모던,니렝스,그레이,,긴팔,,무지,터틀넥,루즈
580380,클래식,,미디,오렌지,띠,반팔,우븐,무지,브이넥,루즈
583413,클래식,,발목,그레이,슬릿,긴팔,울/캐시미어,무지,브이넥,노멀
587805,클래식,모던,미디,그레이,비대칭,긴팔,니트,무지,터틀넥,노멀
595638,클래식,모던,미니,그레이,"패치워크, 포켓",7부소매,우븐,체크,,루즈
59921,클래식,소피스트케이티드,미니,베이지,"단추, 롤업",긴팔,우븐,,,노멀
608454,클래식,모던,니렝스,화이트,,7부소매,,무지,,루즈
626906,클래식,,미니,블랙,컷아웃,반팔,우븐,,라운드넥,노멀
645473,클래식,,발목,베이지,"띠, 플리츠",긴팔,우븐,무지,,노멀
645592,클래식,,미디,베이지,띠,긴팔,우븐,무지,,노멀
649433,클래식,페미닌,미디,카키,"단추, 퍼프",긴팔,실크,무지,,타이트
649672,클래식,,니렝스,그레이,"단추, 스트링",긴팔,니트,무지,유넥,노멀
67256,클래식,,미디,블루,,긴팔,우븐,,,노멀
68258,클래식,스트리트,미니,스카이블루,,민소매,"트위드, 우븐",무지,,노멀
696339,클래식,,미니,카키,스트링,민소매,저지,,유넥,노멀
704017,클래식,모던,미디,브라운,"띠, 슬릿",긴팔,니트,무지,,노멀
716332,클래식,,니렝스,블루,"단추, 플레어",민소매,우븐,,,노멀
716931,클래식,페미닌,,베이지,띠,반팔,우븐,무지,브이넥,노멀
729040,클래식,페미닌,니렝스,핑크,"스트링, 버클",7부소매,우븐,무지,,타이트
744318,클래식,프레피,미니,그린,단추,긴팔,울/캐시미어,체크,,노멀
746470,클래식,페미닌,니렝스,그레이,플레어,긴팔,트위드,무지,라운드넥,노멀
747852,클래식,,미니,그린,"단추, 더블브레스티드",긴팔,우븐,체크,,루즈
76026,클래식,페미닌,미디,퍼플,단추,반팔,우븐,무지,브이넥,노멀
77011,클래식,로맨틱,,라벤더,셔링,반팔,우븐,무지,라운드넥,루즈
77223,클래식,로맨틱,미디,브라운,"단추, 플리츠, 포켓",긴팔,우븐,무지,,오버사이즈
777310,클래식,페미닌,미니,그레이,"단추, 띠, 플레어",민소매,"트위드, 울/캐시미어",체크,,오버사이즈
77747,클래식,페미닌,미디,브라운,더블브레스티드,긴팔,,,,노멀
77748,클래식,페미닌,미디,브라운,"더블브레스티드, 띠",긴팔,,,,노멀
78367,클래식,,니렝스,베이지,"버클, 단추, 스트링",긴팔,니트,무지,라운드넥,노멀
78374,클래식,,니렝스,베이지,"버클, 단추, 스트링",긴팔,니트,무지,라운드넥,노멀
78413,클래식,,니렝스,베이지,플리츠,긴팔,니트,무지,터틀넥,노멀
79436,클래식,,니렝스,블랙,"프린지, 플레어",긴팔,네오프렌,,라운드넥,노멀
797737,클래식,리조트,미디,브라운,니트꽈베기,긴팔,니트,,브이넥,오버사이즈
812784,클래식,리조트,니렝스,그레이,,반팔,우븐,스트라이프,,루즈
834152,클래식,페미닌,미디,블랙,단추,긴팔,시폰,무지,브이넥,노멀
844908,클래식,,미디,베이지,플레어,민소매,울/캐시미어,무지,브이넥,노멀
860212,클래식,로맨틱,니렝스,핑크,"포켓, 슬릿",긴팔,네오프렌,무지,보트넥,노멀
879619,클래식,페미닌,미디,핑크,"버클, 띠, 더블브레스티드, 플리츠",긴팔,우븐,무지,,노멀
885336,클래식,페미닌,미디,그레이,,긴팔,우븐,체크,라운드넥,노멀
892868,클래식,페미닌,니렝스,그레이,플레어,민소매,우븐,체크,브이넥,노멀
895631,클래식,페미닌,니렝스,블랙,,7부소매,시폰,무지,,노멀
916350,클래식,소피스트케이티드,미디,핑크,"단추, 버클, 띠, 플레어",반팔,우븐,무지,,노멀
917900,클래식,페미닌,미디,와인,"페플럼, 비대칭",반팔,우븐,무지,브이넥,루즈
925753,클래식,,미니,블랙,단추,긴팔,트위드,체크,,노멀
930857,클래식,컨트리,미디,핑크,"단추, 셔링, 드롭숄더, 스트링",긴팔,우븐,무지,라운드넥,루즈
932700,클래식,로맨틱,미니,블랙,,민소매,울/캐시미어,하운즈 투스,유넥,노멀
935013,클래식,,미니,베이지,"띠, 더블브레스티드",반팔,린넨,무지,브이넥,노멀
938142,클래식,,니렝스,브라운,"플레어, 셔링, 포켓",반팔,우븐,무지,,오버사이즈
941186,클래식,페미닌,미디,카키,,긴팔,우븐,무지,,노멀
941645,클래식,,미디,브라운,,긴팔,우븐,무지,,루즈
958929,클래식,페미닌,미디,블랙,,긴팔,우븐,체크,라운드넥,노멀
96645,클래식,로맨틱,니렝스,베이지,,7부소매,트위드,무지,,노멀
96647,클래식,로맨틱,니렝스,베이지,단추,7부소매,트위드,무지,,노멀
968863,클래식,,니렝스,베이지,"플레어, 셔링, 레이스",반팔,시폰,그래픽,브이넥,루즈
974389,클래식,,미디,옐로우,"포켓, 플레어, 띠",긴팔,우븐,무지,,노멀
98288,클래식,,미디,블랙,"셔링, 퍼프",7부소매,"우븐, 레이스",무지,브이넥,노멀
98551,클래식,,미니,화이트,프린지,7부소매,우븐,체크,라운드넥,루즈
98552,클래식,,미니,화이트,프린지,7부소매,우븐,체크,라운드넥,루즈
98570,클래식,페미닌,니렝스,블랙,,긴팔,우븐,하운즈 투스,라운드넥,노멀
98571,클래식,페미닌,니렝스,블랙,,긴팔,우븐,하운즈 투스,라운드넥,노멀
98572,클래식,페미닌,니렝스,블랙,,긴팔,우븐,하운즈 투스,라운드넥,노멀
1018989,섹시,페미닌,미니,핑크,,민소매,저지,무지,스퀘어넥,타이트
1070981,섹시,,미니,블랙,레이스,긴팔,"레이스, 우븐",,터틀넥,노멀
1088144,섹시,리조트,발목,화이트,,민소매,실크,무지,브이넥,루즈
1158041,섹시,,미니,스카이블루,,반팔,우븐,무지,라운드넥,타이트
1200927,섹시,스트리트,미니,그레이,,긴팔,저지,무지,오프숄더,타이트
1254602,섹시,,미니,블랙,,긴팔,우븐,무지,오프숄더,타이트
1298362,섹시,페미닌,미디,화이트,,민소매,니트,,스퀘어넥,타이트
1328414,섹시,페미닌,미니,브라운,,긴팔,저지,무지,브이넥,타이트
156204,섹시,,미니,그레이,"컷아웃, 셔링, 띠",긴팔,실크,호피,라운드넥,노멀
16449,섹시,로맨틱,,네이비,슬릿,민소매,,,,노멀
190461,섹시,모던,니렝스,블랙,,반팔,저지,무지,원숄더,루즈
194068,섹시,소피스트케이티드,미디,블랙,슬릿,민소매,저지,무지,브이넥,노멀
218398,섹시,모던,미디,블랙,"셔링, 퍼프",긴팔,"시폰, 가죽",무지,,루즈
253598,섹시,리조트,미디,화이트,"단추, 플레어",민소매,"시폰, 우븐",무지,스위트하트,노멀
43078,섹시,리조트,미디,블랙,,민소매,"우븐, 실크",무지,스위트하트,루즈
447966,섹시,,미니,블랙,,긴팔,"우븐, 레이스",플로럴,라운드넥,노멀
466046,섹시,페미닌,미니,스카이블루,"셔링, 러플, 플레어",민소매,우븐,무지,노카라,타이트
503131,섹시,,미니,핑크,,민소매,니트,무지,스퀘어넥,타이트
531900,섹시,페미닌,미니,네이비,비대칭,긴팔,우븐,무지,브이넥,타이트
542939,섹시,페미닌,니렝스,블랙,"띠, 셔링",7부소매,시폰,호피,라운드넥,타이트
55699,섹시,페미닌,니렝스,블랙,퍼프,긴팔,"니트, 시폰",호피,라운드넥,루즈
60571,섹시,로맨틱,미디,핑크,셔링,7부소매,,도트,,노멀
616307,섹시,스트리트,미니,그린,니트꽈베기,긴팔,니트,무지,브이넥,노멀
649885,섹시,,미니,화이트,셔링,긴팔,시폰,호피,브이넥,노멀
684517,섹시,스포티,미니,블랙,,민소매,저지,무지,유넥,타이트
706168,섹시,,미니,핑크,,반팔,우븐,플로럴,오프숄더,노멀
719650,섹시,,미니,블랙,,반팔,실크,무지,,루즈
776056,섹시,페미닌,미니,그레이,레이스,긴팔,니트,,라운드넥,타이트
782483,섹시,모던,니렝스,블랙,레이스,민소매,,,브이넥,타이트
815310,섹시,,니렝스,베이지,"슬릿, X스트랩, 컷아웃",반팔,저지,무지,라운드넥,노멀
831783,섹시,스트리트,미니,실버,,민소매,저지,무지,유넥,타이트
832699,섹시,,미니,블랙,플레어,긴팔,"레이스, 우븐",,라운드넥,노멀
845047,섹시,리조트,미디,네이비,,긴팔,니트,무지,라운드넥,타이트
86775,섹시,,,핑크,러플,민소매,"니트, 실크, 저지","무지, 도트",라운드넥,타이트
897248,섹시,모던,미니,화이트,비대칭,긴팔,우븐,무지,터틀넥,타이트
913839,섹시,,니렝스,핑크,레이스,민소매,"레이스, 린넨",무지,,노멀
969097,섹시,,미니,그레이,프린지,반팔,"시퀸/글리터, 레이스",,라운드넥,노멀
1000616,아방가르드,,발목,레드,,7부소매,우븐,,브이넥,오버사이즈
1075225,아방가르드,로맨틱,니렝스,실버,"프릴, 러플, 플레어, 드롭숄더",긴팔,저지,무지,라운드넥,
1075975,아방가르드,,맥시,블랙,리본,반팔,우븐,그래픽,브이넥,노멀
1150348,아방가르드,클래식,미디,블랙,"스트링, 플레어",긴팔,우븐,,,노멀
1201878,아방가르드,모던,니렝스,베이지,플레어,반팔,우븐,무지,,루즈
1241601,아방가르드,리조트,미디,스카이블루,"스티치, 슬릿, 드롭숄더",반팔,우븐,무지,브이넥,루즈
12679,아방가르드,,발목,화이트,퍼프,반팔,우븐,플로럴,라운드넥,노멀
157552,아방가르드,스트리트,니렝스,화이트,슬릿,7부소매,우븐,무지,라운드넥,노멀
184495,아방가르드,모던,미디,스카이블루,,반팔,우븐,무지,,오버사이즈
195319,아방가르드,페미닌,발목,레드,"띠, 비대칭, 슬릿",긴팔,우븐,"스트라이프, 믹스",,노멀
239107,아방가르드,페미닌,미디,블루,"셔링, 리본, 단추",반팔,,무지,,루즈
306342,아방가르드,,미디,블랙,"포켓, 플레어",7부소매,우븐,스트라이프,라운드넥,노멀
40591,아방가르드,,미디,블랙,,7부소매,"우븐, 니트","스트라이프, 믹스",,루즈
468282,아방가르드,로맨틱,발목,블랙,"드롭숄더, 드롭웨이스트, 러플",긴팔,우븐,"무지, 도트",라운드넥,오버사이즈
531950,아방가르드,모던,발목,네이비,"포켓, 띠",긴팔,우븐,무지,라운드넥,루즈
552727,아방가르드,모던,니렝스,블랙,"레이스, 포켓",반팔,우븐,무지,라운드넥,오버사이즈
554329,아방가르드,스트리트,미니,스카이블루,"패치워크, 프릴",긴팔,우븐,믹스,,노멀
570550,아방가르드,,니렝스,블랙,슬릿,반팔,우븐,"무지, 믹스",라운드넥,루즈
570973,아방가르드,페미닌,미니,블랙,,긴팔,"우븐, 울/캐시미어","무지, 호피",터틀넥,루즈
579501,아방가르드,모던,미디,민트,비대칭,7부소매,린넨,무지,,노멀
580940,아방가르드,,니렝스,그린,플레어,반팔,우븐,무지,,오버사이즈
591071,아방가르드,스트리트,니렝스,그레이,플레어,긴팔,저지,무지,유넥,루즈
598381,아방가르드,모던,미디,그레이,비대칭,긴팔,우븐,무지,라운드넥,루즈
63547,아방가르드,페미닌,미디,레드,"플리츠, 리본",긴팔,시폰,믹스,,
692139,아방가르드,,니렝스,화이트,,반팔,린넨,스트라이프,노카라,오버사이즈
792570,아방가르드,모던,미니,스카이블루,"컷아웃, 패치워크",7부소매,우븐,"무지, 체크",브이넥,노멀
940020,아방가르드,로맨틱,발목,베이지,"플레어, 셔링",긴팔,"시폰, 우븐",무지,,노멀
101345,젠더리스,,발목,브라운,"띠, 버클",긴팔,울/캐시미어,,노카라,노멀
360426,젠더리스,,맥시,그린,"리본, 단추",반팔,,무지,,루즈
583226,젠더리스,,,네이비,단추,긴팔,,무지,,루즈
583466,젠더리스,,니렝스,핑크,드롭숄더,긴팔,벨벳,무지,후드,
597923,젠더리스,,발목,그레이,리본,민소매,우븐,무지,스퀘어넥,루즈
1000646,클래식,,미디,화이트,단추,긴팔,우븐,무지,브이넥,노멀
1014731,클래식,페미닌,미디,카키,"셔링, 플리츠, 퍼프",긴팔,우븐,체크,라운드넥,노멀
1016726,클래식,페미닌,미디,카키,플레어,긴팔,우븐,체크,라운드넥,타이트
1029475,클래식,로맨틱,니렝스,블랙,셔링,긴팔,"우븐, 시폰",,브이넥,노멀
1036787,클래식,,니렝스,브라운,"띠, 롤업",반팔,우븐,무지,브이넥,노멀
1054670,클래식,,니렝스,그레이,"띠, 버클",긴팔,우븐,체크,터틀넥,노멀
1057070,클래식,,니렝스,브라운,띠,긴팔,우븐,체크,,노멀
106797,클래식,,니렝스,베이지,"더블브레스티드, 플레어",반팔,우븐,무지,,노멀
1070,클래식,페미닌,미디,,페플럼,,네오프렌,무지,라운드넥,루즈
1074373,클래식,페미닌,니렝스,베이지,"슬릿, 드롭숄더",긴팔,니트,무지,터틀넥,노멀
1077603,클래식,리조트,발목,그레이,,7부소매,네오프렌,무지,라운드넥,오버사이즈
1077814,클래식,,미디,실버,"퍼프, 플리츠",반팔,우븐,"무지, 체크",,노멀
1098064,클래식,,니렝스,블랙,,긴팔,"우븐, 레이스",무지,브이넥,노멀
1099546,클래식,페미닌,미디,화이트,,긴팔,우븐,,라운드넥,노멀
1105308,클래식,페미닌,니렝스,네이비,"단추, 드롭숄더",긴팔,코듀로이,,,
1106478,클래식,페미닌,미디,브라운,포켓,긴팔,니트,무지,,노멀
1107678,클래식,,미디,브라운,,긴팔,우븐,무지,,노멀
1108388,클래식,페미닌,미디,블랙,드롭숄더,긴팔,,스트라이프,라운드넥,루즈
1119967,클래식,,니렝스,베이지,띠,긴팔,우븐,무지,,노멀
1157821,클래식,로맨틱,니렝스,그레이,,긴팔,우븐,체크,유넥,오버사이즈
1163078,클래식,스트리트,미니,브라운,,긴팔,우븐,체크,,노멀
1180902,클래식,페미닌,니렝스,화이트,단추,7부소매,우븐,스트라이프,,노멀
1181848,클래식,페미닌,미디,화이트,"퍼프, 포켓",긴팔,우븐,무지,,루즈
1182268,클래식,스트리트,니렝스,화이트,"셔링, 포켓",7부소매,우븐,체크,,루즈
1182358,클래식,스트리트,미니,네온,"포켓, 롤업",7부소매,우븐,무지,,루즈
1183059,클래식,모던,니렝스,화이트,띠,긴팔,우븐,무지,,루즈
1200207,클래식,페미닌,미디,핑크,"셔링, 플리츠, 플레어",긴팔,우븐,무지,라운드넥,노멀
1232332,클래식,,니렝스,브라운,스트링,반팔,우븐,무지,,루즈
123528,클래식,모던,니렝스,베이지,"러플, 슬릿",7부소매,우븐,,라운드넥,노멀
123538,클래식,모던,니렝스,블랙,"퍼프, 러플",7부소매,우븐,,라운드넥,노멀
123634,클래식,페미닌,니렝스,화이트,,긴팔,트위드,무지,유넥,노멀
1284460,클래식,,니렝스,네이비,띠,반팔,우븐,무지,,노멀
1307081,클래식,,미디,핑크,"띠, 버클",7부소매,우븐,무지,,노멀
1317968,클래식,소피스트케이티드,니렝스,베이지,,반팔,우븐,무지,,오버사이즈
1339371,클래식,키치,미니,블루,"띠, 단추",민소매,우븐,무지,,노멀
1345339,클래식,페미닌,미디,와인,,긴팔,"저지, 울/캐시미어",,터틀넥,오버사이즈
156703,클래식,페미닌,미디,베이지,"단추, 띠, 슬릿",긴팔,우븐,무지,,노멀
164357,클래식,페미닌,니렝스,베이지,더블브레스티드,민소매,우븐,무지,브이넥,노멀
168252,클래식,페미닌,미디,카키,"리본, 플레어",7부소매,울/캐시미어,무지,라운드넥,노멀
175210,클래식,페미닌,니렝스,카키,퍼프,7부소매,우븐,무지,라운드넥,노멀
181194,클래식,페미닌,발목,브라운,"포켓, 띠, 슬릿",긴팔,우븐,무지,,노멀
195950,클래식,,니렝스,블랙,"띠, 단추",민소매,우븐,체크,,노멀
196902,클래식,모던,,베이지,"더블브레스티드, 버클",긴팔,우븐,무지,브이넥,노멀
198950,클래식,모던,미디,레드,"띠, 단추",민소매,우븐,스트라이프,,노멀
208379,클래식,페미닌,니렝스,레드,"셔링, 포켓",7부소매,우븐,,라운드넥,노멀
223006,클래식,소피스트케이티드,니렝스,화이트,"단추, 슬릿",7부소매,트위드,,보트넥,노멀
229189,클래식,,니렝스,블랙,플레어,7부소매,우븐,무지,라운드넥,노멀
237058,클래식,로맨틱,니렝스,베이지,"퍼프, 프린지",반팔,트위드,체크,라운드넥,루즈
255235,클래식,모던,미디,민트,"리본, 단추, 롤업",긴팔,우븐,무지,,노멀
272395,클래식,모던,니렝스,그레이,,반팔,우븐,무지,,노멀
311208,클래식,소피스트케이티드,니렝스,블랙,"비즈, 슬릿, 플레어",7부소매,트위드,,,타이트
333074,클래식,모던,니렝스,베이지,슬릿,7부소매,우븐,무지,,노멀
365520,클래식,로맨틱,미디,브라운,"띠, 리본",긴팔,우븐,무지,,노멀
372268,클래식,소피스트케이티드,미디,베이지,플레어,민소매,우븐,무지,,노멀
401440,클래식,,니렝스,브라운,"스트링, 포켓",7부소매,우븐,무지,,노멀
417895,클래식,페미닌,니렝스,브라운,"띠, 롤업",7부소매,우븐,무지,,노멀
42874,클래식,페미닌,미니,그레이,지퍼,7부소매,트위드,,라운드넥,루즈
44554,클래식,,미니,화이트,,긴팔,트위드,체크,라운드넥,노멀
446492,클래식,,니렝스,베이지,"단추, 리본",반팔,우븐,무지,,루즈
468161,클래식,페미닌,미디,네이비,"포켓, 드롭숄더",긴팔,우븐,무지,유넥,루즈
47166,클래식,컨트리,니렝스,그레이,,7부소매,,체크,라운드넥,루즈
47719,클래식,페미닌,니렝스,화이트,,민소매,,,브이넥,타이트
47907,클래식,페미닌,니렝스,와인,"퍼프, 비즈",7부소매,,,라운드넥,노멀
48313,클래식,소피스트케이티드,니렝스,화이트,"비즈, 프릴",7부소매,,,보트넥,노멀
516080,클래식,,미니,베이지,"단추, 슬릿",반팔,저지,,,노멀
531880,클래식,로맨틱,미디,와인,"퍼프, 드롭숄더",긴팔,우븐,무지,라운드넥,오버사이즈
547231,클래식,페미닌,미니,와인,"플리츠, 레이스",긴팔,시폰,무지,터틀넥,루즈
550100,클래식,,미니,블랙,포켓,민소매,"우븐, 가죽",무지,브이넥,노멀
551717,클래식,페미닌,미니,화이트,"프릴, 러플",긴팔,트위드,하운즈 투스,라운드넥,노멀
560711,클래식,,미니,블랙,"단추, 페플럼",긴팔,"우븐, 울/캐시미어",,,노멀
569869,클래식,모던,미니,블랙,,긴팔,저지,,보트넥,루즈
570510,클래식,페미닌,미니,그레이,"리본, 셔링",7부소매,우븐,체크,라운드넥,루즈
577676,클래식,모던,니렝스,그레이,,긴팔,,무지,터틀넥,루즈
583416,클래식,,발목,그레이,슬릿,긴팔,울/캐시미어,무지,브이넥,노멀
588085,클래식,,니렝스,핑크,단추,7부소매,저지,무지,라운드넥,루즈
59927,클래식,소피스트케이티드,미니,베이지,롤업,긴팔,우븐,,,노멀
626910,클래식,,미니,블랙,컷아웃,반팔,우븐,,라운드넥,노멀
643453,클래식,,미디,베이지,"띠, 슬릿",긴팔,실크,,,노멀
649435,클래식,페미닌,미디,카키,"단추, 퍼프",긴팔,실크,무지,,타이트
649675,클래식,,니렝스,카키,"단추, 스트링",긴팔,니트,무지,유넥,노멀
67266,클래식,,미디,블루,,긴팔,우븐,,,노멀
68268,클래식,스트리트,미니,그레이,,민소매,"트위드, 우븐",무지,,노멀
704021,클래식,모던,미디,브라운,"띠, 슬릿",긴팔,니트,무지,,노멀
716337,클래식,,니렝스,블루,"단추, 플레어",민소매,우븐,,,노멀
729039,클래식,페미닌,니렝스,핑크,"스트링, 버클",7부소매,우븐,무지,,타이트
744325,클래식,프레피,미니,그린,단추,긴팔,울/캐시미어,체크,,노멀
747857,클래식,,미니,그린,"단추, 더블브레스티드",긴팔,우븐,체크,,루즈
77016,클래식,로맨틱,,라벤더,셔링,반팔,우븐,무지,라운드넥,루즈
77221,클래식,로맨틱,,브라운,"단추, 플리츠, 포켓",긴팔,우븐,무지,,오버사이즈
77741,클래식,페미닌,미디,브라운,"더블브레스티드, 띠",긴팔,,,,노멀
78377,클래식,,니렝스,베이지,"버클, 단추, 스트링",7부소매,니트,무지,라운드넥,노멀
78415,클래식,,니렝스,베이지,플리츠,긴팔,니트,무지,터틀넥,노멀
79435,클래식,,니렝스,블랙,"프린지, 플레어",긴팔,네오프렌,,라운드넥,노멀
797756,클래식,리조트,미디,브라운,니트꽈베기,긴팔,니트,,브이넥,오버사이즈
812787,클래식,리조트,니렝스,그레이,슬릿,반팔,우븐,스트라이프,라운드넥,루즈
844907,클래식,,미디,베이지,플레어,민소매,울/캐시미어,무지,브이넥,노멀
860216,클래식,로맨틱,니렝스,핑크,,긴팔,저지,무지,보트넥,노멀
879621,클래식,페미닌,미디,핑크,"버클, 띠, 더블브레스티드, 플리츠",긴팔,우븐,무지,,노멀
885340,클래식,페미닌,미디,그레이,,긴팔,우븐,체크,라운드넥,노멀
892871,클래식,페미닌,니렝스,그레이,플레어,민소매,우븐,체크,브이넥,노멀
895633,클래식,페미닌,니렝스,블랙,,7부소매,시폰,무지,,노멀
916358,클래식,소피스트케이티드,미디,핑크,"단추, 버클, 띠, 플레어",반팔,우븐,무지,,노멀
917905,클래식,페미닌,미디,와인,"페플럼, 비대칭",반팔,우븐,무지,브이넥,루즈
925755,클래식,,미니,블랙,단추,긴팔,트위드,체크,,노멀
930862,클래식,컨트리,미디,핑크,"단추, 셔링, 드롭숄더, 스트링",긴팔,우븐,무지,라운드넥,루즈
932987,클래식,,미디,브라운,"단추, 슬릿",민소매,울/캐시미어,체크,브이넥,노멀
935018,클래식,,미니,베이지,"띠, 더블브레스티드",반팔,린넨,무지,브이넥,노멀
941190,클래식,페미닌,미디,카키,,긴팔,우븐,무지,,노멀
941661,클래식,,미디,브라운,띠,긴팔,우븐,무지,브이넥,루즈
958937,클래식,페미닌,미디,블랙,띠,긴팔,우븐,체크,라운드넥,노멀
96644,클래식,로맨틱,니렝스,베이지,단추,7부소매,트위드,무지,,노멀
968865,클래식,,니렝스,베이지,"플레어, 셔링, 레이스",반팔,시폰,그래픽,,루즈
974394,클래식,,미디,옐로우,"포켓, 플레어, 띠",긴팔,우븐,무지,,노멀
98295,클래식,,미디,블랙,"셔링, 퍼프",7부소매,"우븐, 레이스",무지,브이넥,노멀
98559,클래식,,미니,화이트,프린지,7부소매,우븐,체크,라운드넥,루즈
98569,클래식,페미닌,니렝스,블랙,,긴팔,우븐,하운즈 투스,라운드넥,노멀
98619,클래식,페미닌,미니,블랙,단추,긴팔,우븐,무지,,노멀
